customer_id,name,gender,age,tier,join_date,city
CUST-10000,Allison Hill,F,32,Silver,2021-05-24,Abu Dhabi
CUST-10001,Megan Mcclain,F,69,Bronze,2020-07-17,Al Ain
CUST-10002,Allen Robinson,M,41,Silver,2023-02-26,Sharjah
CUST-10003,Cristian Santos,F,47,Platinum,2023-05-28,Al Ain
CUST-10004,Kevin Pacheco,F,50,Silver,2020-01-15,Abu Dhabi
CUST-10005,Melissa Peterson,M,70,Silver,2020-12-20,Dubai
CUST-10006,Gabrielle Davis,M,34,Silver,2020-08-08,Dubai
CUST-10007,Lindsey Roman,F,41,Gold,2024-07-22,Abu Dhabi
CUST-10008,Valerie Gray,M,63,Bronze,2023-06-13,Muscat
CUST-10009,Lisa Hensley,M,36,Silver,2023-08-09,Dubai
CUST-10010,Amber Perez,M,35,Bronze,2021-10-22,Abu Dhabi
CUST-10011,David Garcia,M,45,Gold,2021-09-26,Dubai
CUST-10012,Holly Wood,M,70,Bronze,2021-04-22,Abu Dhabi
CUST-10013,Timothy Wong,F,19,Silver,2023-10-21,Abu Dhabi
CUST-10014,Nicholas Martin,F,50,Silver,2022-05-15,Dubai
CUST-10015,Margaret Hawkins DDS,F,23,Silver,2025-04-06,Dubai
CUST-10016,Crystal Johnson,M,38,Bronze,2021-12-20,Doha
CUST-10017,Daniel Hahn,F,68,Bronze,2025-06-21,Dubai
CUST-10018,Matthew Foster,M,36,Platinum,2025-09-17,Muscat
CUST-10019,Derek Wright,F,62,Bronze,2023-07-04,Muscat
CUST-10020,Kevin Hurst,F,46,Gold,2022-06-30,Sharjah
CUST-10021,Zachary Hicks,M,19,Bronze,2020-07-26,Dubai
CUST-10022,Brian Burton,M,53,Bronze,2024-12-11,Doha
CUST-10023,Arthur James,F,25,Bronze,2026-03-22,Al Ain
CUST-10024,Tricia Valencia,M,37,Bronze,2020-01-27,Dubai
CUST-10025,Melanie Herrera,M,44,Bronze,2021-08-31,Sharjah
CUST-10026,Ashley Graham,F,22,Bronze,2022-10-31,Dubai
CUST-10027,Sherri Baker,F,56,Silver,2023-02-15,Abu Dhabi
CUST-10028,Thomas Harrell,M,63,Bronze,2021-11-11,Dubai
CUST-10029,Lisa Hernandez,F,18,Bronze,2024-10-05,Sharjah
CUST-10030,Paula Moreno,M,54,Silver,2020-01-02,Abu Dhabi
CUST-10031,Alec Hickman,M,51,Gold,2025-06-27,Doha
CUST-10032,Elizabeth Brown,M,51,Silver,2025-06-25,Abu Dhabi
CUST-10033,Angelica Tucker,M,42,Gold,2020-06-06,Muscat
CUST-10034,Pamela Anderson,M,58,Bronze,2022-12-20,Dubai
CUST-10035,Deborah Brennan,F,34,Gold,2022-08-23,Sharjah
CUST-10036,Joshua Blair,F,68,Silver,2021-04-03,Dubai
CUST-10037,Zachary Santos,M,64,Bronze,2022-09-26,Sharjah
CUST-10038,Barbara Walker,M,67,Bronze,2022-02-10,Abu Dhabi
CUST-10039,Crystal Robinson,F,26,Platinum,2020-06-10,Dubai
CUST-10040,Crystal Whitehead,F,70,Platinum,2025-05-14,Sharjah
CUST-10041,David Caldwell,F,62,Gold,2021-05-03,Abu Dhabi
CUST-10042,Timothy Duncan,M,69,Bronze,2022-12-14,Dubai
CUST-10043,Rhonda Lee,F,20,Bronze,2020-08-09,Dubai
CUST-10044,Jeff Owens,M,68,Bronze,2024-07-21,Dubai
CUST-10045,Victoria Garcia,M,38,Gold,2022-07-07,Doha
CUST-10046,Scott Wright,F,70,Silver,2021-03-09,Abu Dhabi
CUST-10047,Javier Ramirez,F,20,Gold,2021-07-23,Al Ain
CUST-10048,Jessica Callahan,M,36,Gold,2023-06-09,Dubai
CUST-10049,Zachary Huff,M,59,Bronze,2026-01-19,Dubai
CUST-10050,Sarah Martin,M,69,Gold,2023-01-12,Dubai
CUST-10051,James Brown,F,65,Bronze,2022-05-14,Abu Dhabi
CUST-10052,Mrs. Rachel Gibson,F,39,Silver,2022-08-22,Doha
CUST-10053,Whitney Peters,F,62,Platinum,2024-06-26,Abu Dhabi
CUST-10054,Edward Novak,F,69,Bronze,2023-08-14,Dubai
CUST-10055,Nicole Brown,F,23,Silver,2023-08-25,Abu Dhabi
CUST-10056,Sarah Moore,M,52,Bronze,2025-12-31,Dubai
CUST-10057,Cody Larson,M,23,Silver,2024-03-20,Dubai
CUST-10058,Bryan Zamora,F,37,Bronze,2021-07-15,Abu Dhabi
CUST-10059,Lisa Barnes,F,28,Gold,2023-08-24,Sharjah
CUST-10060,Taylor Harris,F,46,Gold,2024-06-21,Dubai
CUST-10061,James Powers,F,57,Bronze,2021-11-15,Doha
CUST-10062,Paul Jones,F,58,Bronze,2022-11-11,Doha
CUST-10063,Dr. Angel Lewis MD,M,22,Gold,2025-10-29,Sharjah
CUST-10064,Sherry Wood,F,41,Bronze,2020-12-25,Abu Dhabi
CUST-10065,Michele Carr,M,19,Silver,2026-03-01,Dubai
CUST-10066,Aimee Montoya,F,20,Gold,2021-11-13,Dubai
CUST-10067,Teresa Taylor,M,67,Bronze,2020-09-20,Sharjah
CUST-10068,Juan Nelson,F,42,Bronze,2023-10-11,Doha
CUST-10069,Christina Walters,M,56,Bronze,2021-08-25,Dubai
CUST-10070,Taylor Mathis Jr.,F,41,Bronze,2022-08-24,Dubai
CUST-10071,Aaron Wise,M,54,Bronze,2023-12-24,Dubai
CUST-10072,Patrick Arnold,F,43,Silver,2022-09-02,Dubai
CUST-10073,Benjamin Ware,F,33,Bronze,2025-08-23,Doha
CUST-10074,Sandra Aguilar,M,65,Gold,2020-12-03,Dubai
CUST-10075,Eric Nolan,F,53,Silver,2024-12-20,Dubai
CUST-10076,Stephanie Clark,F,63,Platinum,2021-07-23,Abu Dhabi
CUST-10077,Richard Henson,F,62,Platinum,2022-07-15,Muscat
CUST-10078,Brittany Spears,F,30,Silver,2025-05-26,Dubai
CUST-10079,Rita Keith,M,46,Bronze,2020-02-26,Dubai
CUST-10080,Evelyn Galvan,F,23,Gold,2025-01-03,Al Ain
CUST-10081,Rita Adams,F,60,Bronze,2024-12-01,Dubai
CUST-10082,Shane Garrison,M,53,Bronze,2021-05-22,Abu Dhabi
CUST-10083,Julia Torres,F,28,Silver,2024-12-19,Sharjah
CUST-10084,Alexander Lee,M,68,Bronze,2022-01-18,Dubai
CUST-10085,Tracy Ramirez,M,25,Bronze,2024-01-03,Doha
CUST-10086,William Herrera,M,33,Bronze,2025-11-12,Al Ain
CUST-10087,Wesley White,M,41,Bronze,2026-01-04,Abu Dhabi
CUST-10088,Brian Hamilton,F,47,Bronze,2024-07-19,Al Ain
CUST-10089,Larry Dixon,M,57,Gold,2022-05-28,Muscat
CUST-10090,Dawn Fletcher,M,37,Bronze,2020-01-04,Dubai
CUST-10091,Kimberly Ball,F,51,Gold,2024-08-19,Abu Dhabi
CUST-10092,Helen Jones,F,70,Silver,2024-02-24,Abu Dhabi
CUST-10093,Erik Charles,M,38,Bronze,2024-06-29,Sharjah
CUST-10094,Eric Ortiz,F,47,Bronze,2022-07-06,Sharjah
CUST-10095,Cameron Fisher,F,26,Bronze,2025-11-14,Muscat
CUST-10096,Stephanie Gilbert,M,67,Bronze,2021-11-17,Doha
CUST-10097,April Mitchell,F,50,Silver,2022-09-07,Muscat
CUST-10098,Mary Marshall,M,25,Gold,2022-10-05,Abu Dhabi
CUST-10099,John Santana,F,28,Bronze,2024-12-20,Dubai
CUST-10100,Bradley Robertson,M,40,Silver,2023-12-14,Doha
CUST-10101,Robert Potter,F,23,Bronze,2024-03-14,Dubai
CUST-10102,Curtis Johnson,F,26,Bronze,2021-07-12,Sharjah
CUST-10103,Samuel Jones,M,50,Bronze,2022-08-03,Sharjah
CUST-10104,Cheyenne Horton,M,28,Silver,2023-02-01,Sharjah
CUST-10105,Matthew Smith,F,54,Gold,2024-09-08,Dubai
CUST-10106,Ashley Coleman,M,23,Silver,2021-02-05,Dubai
CUST-10107,Kelly Williams,F,59,Silver,2021-07-22,Dubai
CUST-10108,Joyce Solis,F,57,Platinum,2024-03-02,Sharjah
CUST-10109,Linda Dodson DVM,F,58,Bronze,2023-10-29,Abu Dhabi
CUST-10110,Kathy Rivas,F,48,Silver,2023-06-03,Dubai
CUST-10111,Natasha Wells,F,37,Bronze,2021-08-14,Abu Dhabi
CUST-10112,Mark Cannon,M,28,Silver,2023-04-04,Abu Dhabi
CUST-10113,Denise Jones,F,47,Gold,2021-10-13,Dubai
CUST-10114,Francisco Fernandez,M,38,Bronze,2020-11-11,Muscat
CUST-10115,Michael Mccarthy,F,64,Gold,2020-05-26,Doha
CUST-10116,Joshua Perry,F,43,Bronze,2021-04-16,Dubai
CUST-10117,Taylor Silva,F,50,Gold,2024-05-05,Abu Dhabi
CUST-10118,Pamela James,F,33,Bronze,2020-01-14,Abu Dhabi
CUST-10119,Paul Castaneda,F,46,Bronze,2025-12-14,Dubai
CUST-10120,Paul Payne,M,21,Bronze,2023-10-08,Dubai
CUST-10121,Daniel Graham,F,57,Silver,2020-03-07,Abu Dhabi
CUST-10122,Michael Powell,M,70,Gold,2021-01-11,Dubai
CUST-10123,Cameron Dean,F,30,Bronze,2020-03-02,Al Ain
CUST-10124,Justin Johnson,F,50,Gold,2024-01-06,Abu Dhabi
CUST-10125,Joel Williams,F,49,Gold,2022-05-14,Dubai
CUST-10126,Gabriel Juarez,F,50,Gold,2022-05-14,Abu Dhabi
CUST-10127,Sandra King,M,31,Bronze,2020-07-05,Abu Dhabi
CUST-10128,Joshua Cooke,M,21,Silver,2022-03-09,Dubai
CUST-10129,Rachael Pearson,F,36,Bronze,2024-09-16,Abu Dhabi
CUST-10130,Christina Smith,M,45,Silver,2020-12-13,Dubai
CUST-10131,Michael Elliott,F,64,Bronze,2021-05-12,Dubai
CUST-10132,Pamela Jackson,F,41,Bronze,2023-10-17,Dubai
CUST-10133,Ashley Weiss,M,54,Bronze,2026-01-09,Abu Dhabi
CUST-10134,Alexander Collins,F,53,Gold,2024-03-25,Dubai
CUST-10135,Jennifer Espinoza,F,50,Silver,2020-06-22,Abu Dhabi
CUST-10136,Lori Garcia,F,70,Bronze,2024-10-28,Doha
CUST-10137,Lindsay Martinez,M,26,Bronze,2026-02-22,Doha
CUST-10138,Hannah Patterson,F,41,Silver,2022-04-25,Al Ain
CUST-10139,Gloria Atkinson,F,53,Silver,2025-02-18,Doha
CUST-10140,Tyler Reid,M,30,Silver,2025-03-05,Sharjah
CUST-10141,Jessica Gross,F,50,Bronze,2026-01-11,Dubai
CUST-10142,Robert Medina,M,26,Silver,2023-01-07,Sharjah
CUST-10143,Nicholas Adams,F,51,Platinum,2025-04-26,Abu Dhabi
CUST-10144,Angelica Keith,M,38,Gold,2021-07-10,Doha
CUST-10145,Leonard Gray,F,28,Silver,2020-03-06,Dubai
CUST-10146,Catherine Lewis,F,55,Gold,2024-12-24,Dubai
CUST-10147,Spencer Haynes,F,63,Silver,2021-09-22,Abu Dhabi
CUST-10148,Travis Miller,F,70,Gold,2024-06-30,Dubai
CUST-10149,Peter Vaughn DDS,F,61,Bronze,2023-01-24,Dubai
CUST-10150,Anna Walker,F,55,Silver,2024-04-26,Dubai
CUST-10151,Kevin Kennedy,M,56,Silver,2023-04-26,Abu Dhabi
CUST-10152,Patrick Rivera,M,64,Silver,2024-05-22,Dubai
CUST-10153,David Martinez,F,28,Silver,2021-03-15,Abu Dhabi
CUST-10154,Joshua Gill,F,27,Platinum,2021-02-26,Al Ain
CUST-10155,John Hardy,M,20,Bronze,2026-02-05,Abu Dhabi
CUST-10156,Diane Garcia,M,30,Bronze,2021-03-18,Dubai
CUST-10157,Christopher Smith,F,44,Silver,2023-05-03,Dubai
CUST-10158,William Tran,M,44,Silver,2024-05-09,Abu Dhabi
CUST-10159,Sean Henry,F,65,Silver,2025-06-13,Sharjah
CUST-10160,Julie Alexander,M,51,Bronze,2021-02-24,Dubai
CUST-10161,Todd Woods,F,60,Silver,2025-02-18,Abu Dhabi
CUST-10162,Benjamin Soto,F,38,Bronze,2020-05-02,Doha
CUST-10163,Justin Torres,F,52,Platinum,2026-03-17,Dubai
CUST-10164,Phillip Obrien,F,61,Bronze,2024-12-08,Al Ain
CUST-10165,Joseph Hayes,F,57,Silver,2022-10-06,Abu Dhabi
CUST-10166,Wanda Torres,M,35,Bronze,2023-11-17,Abu Dhabi
CUST-10167,Natalie Meza,M,37,Bronze,2021-04-18,Al Ain
CUST-10168,Matthew Moore,M,62,Silver,2021-01-31,Sharjah
CUST-10169,Aaron Hayes,F,48,Gold,2023-09-16,Dubai
CUST-10170,David Mann,F,36,Bronze,2024-05-22,Dubai
CUST-10171,Michael Bradshaw,F,43,Bronze,2024-12-02,Al Ain
CUST-10172,Mary Peck,M,36,Bronze,2022-08-27,Dubai
CUST-10173,Maria Kerr,M,40,Silver,2025-02-28,Muscat
CUST-10174,Christopher Parker,F,65,Bronze,2024-09-04,Abu Dhabi
CUST-10175,Donna Martinez,M,70,Silver,2024-04-19,Abu Dhabi
CUST-10176,Terri Mason,F,26,Bronze,2023-01-31,Dubai
CUST-10177,Andrew Reynolds,M,33,Bronze,2022-01-05,Dubai
CUST-10178,Brandon Hayden,M,58,Gold,2025-03-21,Dubai
CUST-10179,Tiffany Key,M,44,Silver,2024-03-13,Dubai
CUST-10180,Andrew Avila,F,24,Silver,2022-12-09,Sharjah
CUST-10181,Sydney White,M,18,Bronze,2023-08-28,Doha
CUST-10182,Katherine Davis,M,44,Bronze,2022-03-04,Sharjah
CUST-10183,Michael Hodge,F,48,Bronze,2022-01-22,Sharjah
CUST-10184,Donna Landry,F,38,Bronze,2025-01-29,Dubai
CUST-10185,Jordan Edwards,M,67,Silver,2022-01-07,Dubai
CUST-10186,Jennifer Robertson,M,52,Bronze,2026-03-03,Sharjah
CUST-10187,Kimberly Gutierrez,M,29,Platinum,2021-03-03,Abu Dhabi
CUST-10188,Peter Garrett,M,20,Silver,2024-09-29,Doha
CUST-10189,Joshua Pennington,F,68,Bronze,2022-09-26,Abu Dhabi
CUST-10190,Barbara Dudley,F,20,Gold,2023-10-20,Dubai
CUST-10191,Christopher Pierce,M,39,Silver,2023-06-13,Dubai
CUST-10192,Willie Durham,F,26,Gold,2022-11-18,Muscat
CUST-10193,Ronnie Jimenez,F,35,Bronze,2024-06-22,Dubai
CUST-10194,Denise Davenport,M,39,Bronze,2026-02-13,Dubai
CUST-10195,Juan Reyes,F,59,Gold,2025-10-03,Dubai
CUST-10196,Sherry Shields,M,18,Platinum,2021-09-22,Sharjah
CUST-10197,Jennifer Villa,F,54,Bronze,2023-03-04,Sharjah
CUST-10198,Diane Evans,M,29,Bronze,2023-08-31,Sharjah
CUST-10199,Mrs. Brittany Ryan MD,F,70,Bronze,2023-06-12,Abu Dhabi
CUST-10200,Jordan Morris,F,23,Bronze,2021-03-06,Abu Dhabi
CUST-10201,Laura Hall,M,29,Gold,2024-11-04,Doha
CUST-10202,Patrick Thornton,F,38,Bronze,2025-01-24,Doha
CUST-10203,Matthew Hoover,M,34,Gold,2026-02-15,Dubai
CUST-10204,Andrew Shaw MD,F,66,Bronze,2025-06-06,Dubai
CUST-10205,Jessica Fox,F,37,Bronze,2022-11-08,Abu Dhabi
CUST-10206,Jennifer Pena,M,34,Silver,2020-12-18,Sharjah
CUST-10207,Wayne Morgan,M,21,Silver,2024-04-29,Sharjah
CUST-10208,Sarah Phelps,F,37,Bronze,2025-05-14,Dubai
CUST-10209,Eugene Higgins,F,62,Bronze,2024-09-28,Dubai
CUST-10210,Amanda Jones,F,41,Platinum,2023-12-10,Sharjah
CUST-10211,Yolanda Francis,M,26,Bronze,2022-09-16,Abu Dhabi
CUST-10212,Mark Brennan,F,65,Bronze,2022-10-09,Doha
CUST-10213,Stephanie Williams,F,44,Bronze,2024-12-21,Sharjah
CUST-10214,James Thomas,F,66,Silver,2023-04-26,Abu Dhabi
CUST-10215,Rebecca Jackson,M,66,Platinum,2020-06-29,Dubai
CUST-10216,Lisa Allen,M,51,Bronze,2025-09-13,Abu Dhabi
CUST-10217,Joel King,F,22,Gold,2021-08-05,Muscat
CUST-10218,Robert Santana,M,21,Bronze,2024-03-25,Al Ain
CUST-10219,Jeremy Reed,M,54,Gold,2023-09-02,Abu Dhabi
CUST-10220,Jessica Wright,M,38,Bronze,2025-04-12,Muscat
CUST-10221,James Webb,F,25,Silver,2021-06-25,Sharjah
CUST-10222,Laura Haney,F,23,Bronze,2021-11-04,Muscat
CUST-10223,Mary Hill,F,69,Bronze,2023-07-14,Dubai
CUST-10224,Natasha Williams,M,50,Silver,2023-10-15,Abu Dhabi
CUST-10225,Tanner Mitchell DDS,M,53,Bronze,2023-10-16,Abu Dhabi
CUST-10226,Mark Oliver,F,64,Bronze,2024-03-25,Dubai
CUST-10227,Mary Massey,F,70,Bronze,2023-12-04,Dubai
CUST-10228,Maria Parker,M,55,Bronze,2022-10-02,Dubai
CUST-10229,Morgan Davis,F,40,Bronze,2021-11-04,Sharjah
CUST-10230,Casey Anderson,M,22,Bronze,2023-05-15,Doha
CUST-10231,Kiara Mcintyre,F,20,Bronze,2025-03-09,Dubai
CUST-10232,Roger Olson,M,67,Bronze,2025-01-13,Dubai
CUST-10233,Gina Wilson,F,41,Bronze,2026-01-05,Doha
CUST-10234,Vincent Dalton,F,46,Silver,2024-07-09,Muscat
CUST-10235,Tracy Ballard,F,42,Platinum,2022-04-14,Dubai
CUST-10236,Alexis Herrera,M,59,Bronze,2022-11-03,Muscat
CUST-10237,Megan Richards,M,29,Silver,2025-02-18,Doha
CUST-10238,Ashley Hall,F,51,Bronze,2020-02-27,Dubai
CUST-10239,Kristina Herman,M,18,Bronze,2021-05-19,Al Ain
CUST-10240,Rodney Blankenship,F,47,Silver,2021-11-20,Sharjah
CUST-10241,Charles Shah,F,52,Bronze,2021-11-25,Dubai
CUST-10242,Brent Clay Jr.,M,33,Bronze,2022-10-31,Abu Dhabi
CUST-10243,Natalie Bautista,M,35,Gold,2022-08-14,Dubai
CUST-10244,Brittany Perry,M,20,Gold,2020-08-13,Al Ain
CUST-10245,Jason Lynn Jr.,F,57,Bronze,2022-04-25,Al Ain
CUST-10246,Trevor Foley,M,33,Bronze,2020-08-14,Dubai
CUST-10247,Kimberly Levine,M,56,Bronze,2022-03-29,Dubai
CUST-10248,Colton Martinez,M,33,Silver,2025-04-18,Sharjah
CUST-10249,Matthew May,F,46,Bronze,2023-09-24,Dubai
CUST-10250,Richard Sanchez,M,66,Bronze,2020-10-14,Muscat
CUST-10251,Andrea Hubbard,M,26,Bronze,2021-04-17,Abu Dhabi
CUST-10252,Sergio Murphy,F,32,Gold,2020-12-02,Al Ain
CUST-10253,April Garrison,F,54,Bronze,2020-11-26,Abu Dhabi
CUST-10254,David Thompson,F,33,Bronze,2024-02-16,Dubai
CUST-10255,Adrian Tyler,M,60,Bronze,2021-06-26,Abu Dhabi
CUST-10256,Christopher Williams,F,37,Silver,2024-08-18,Dubai
CUST-10257,Nichole Alvarez,M,58,Silver,2024-11-09,Sharjah
CUST-10258,Ashley Gordon,F,21,Gold,2025-11-26,Doha
CUST-10259,Richard Camacho,F,68,Silver,2023-04-04,Abu Dhabi
CUST-10260,Victor Brown,F,44,Silver,2022-12-28,Dubai
CUST-10261,Michael Henry,F,29,Bronze,2025-09-06,Al Ain
CUST-10262,Bobby Franklin,F,33,Silver,2020-05-29,Muscat
CUST-10263,Mark Kelley,F,63,Silver,2022-01-11,Dubai
CUST-10264,Kerry Chavez DDS,F,21,Bronze,2020-08-14,Abu Dhabi
CUST-10265,Sarah Curtis,F,53,Gold,2024-10-20,Abu Dhabi
CUST-10266,Cindy Hayes,F,33,Bronze,2021-06-05,Dubai
CUST-10267,Jesse Perry,F,59,Silver,2020-08-04,Dubai
CUST-10268,Maurice Brooks,F,41,Silver,2020-12-14,Dubai
CUST-10269,Andrea Decker,M,21,Silver,2020-07-31,Dubai
CUST-10270,Parker Cain,M,22,Bronze,2023-06-23,Dubai
CUST-10271,Kristina Rivera,M,48,Bronze,2020-10-05,Dubai
CUST-10272,Maurice Christensen,F,37,Bronze,2025-06-03,Doha
CUST-10273,Tracy Burke,M,31,Bronze,2022-03-13,Doha
CUST-10274,Christy Douglas,M,65,Bronze,2021-05-26,Doha
CUST-10275,Ryan Richardson,F,33,Silver,2024-10-05,Sharjah
CUST-10276,Renee Bruce,M,43,Silver,2026-01-31,Muscat
CUST-10277,Lisa Day,F,67,Silver,2020-02-29,Dubai
CUST-10278,Sandra Adams,F,52,Silver,2021-02-15,Sharjah
CUST-10279,Ellen Morgan,F,34,Silver,2020-01-14,Dubai
CUST-10280,Kylie Morales,F,47,Gold,2020-11-19,Dubai
CUST-10281,Amanda Reese,F,66,Bronze,2021-05-05,Muscat
CUST-10282,Glen Wood,M,41,Silver,2024-07-03,Dubai
CUST-10283,Latoya Miller,M,54,Bronze,2020-04-30,Muscat
CUST-10284,Luke Craig,M,19,Bronze,2021-09-12,Dubai
CUST-10285,Karla Ramos,F,36,Bronze,2021-09-15,Dubai
CUST-10286,Ashley Jordan,F,32,Bronze,2021-10-08,Dubai
CUST-10287,Katelyn Estrada,M,49,Bronze,2020-04-13,Abu Dhabi
CUST-10288,Kyle Smith,F,34,Bronze,2021-11-18,Al Ain
CUST-10289,Chad Scott,F,64,Bronze,2022-01-18,Sharjah
CUST-10290,Paul Thompson,F,47,Gold,2022-05-17,Dubai
CUST-10291,Kathryn Whitaker,F,28,Bronze,2025-01-12,Dubai
CUST-10292,Scott Williams,F,29,Silver,2020-02-12,Muscat
CUST-10293,Shannon Johnston,M,51,Bronze,2023-07-31,Dubai
CUST-10294,Jennifer Wilson,M,70,Bronze,2020-02-17,Sharjah
CUST-10295,Robert Montgomery,M,44,Silver,2025-03-12,Dubai
CUST-10296,Anita Richard,M,22,Bronze,2021-07-09,Sharjah
CUST-10297,Kelly Foster,M,31,Silver,2021-12-08,Abu Dhabi
CUST-10298,Gary Jackson,F,21,Gold,2023-03-10,Sharjah
CUST-10299,Jordan Bullock,F,60,Bronze,2022-03-07,Abu Dhabi
CUST-10300,Sabrina Briggs,M,52,Gold,2021-06-22,Abu Dhabi
CUST-10301,Craig Morrison,M,19,Bronze,2024-09-30,Abu Dhabi
CUST-10302,Cassandra Mejia,F,52,Bronze,2023-02-01,Doha
CUST-10303,Olivia Cole,M,50,Gold,2025-10-08,Al Ain
CUST-10304,Madison Weber,F,69,Silver,2025-05-25,Doha
CUST-10305,Brittany Jones,M,24,Bronze,2022-10-05,Muscat
CUST-10306,Donald Brown,M,33,Bronze,2023-03-03,Dubai
CUST-10307,Jesse Brown,F,70,Bronze,2025-03-12,Dubai
CUST-10308,Sean Wyatt,F,23,Bronze,2023-11-03,Dubai
CUST-10309,Julie Spencer,F,47,Bronze,2024-12-11,Abu Dhabi
CUST-10310,Joanna Pacheco,M,37,Silver,2024-01-26,Sharjah
CUST-10311,John Hernandez,M,59,Gold,2020-05-21,Doha
CUST-10312,Steven Cooper,M,23,Bronze,2024-06-17,Abu Dhabi
CUST-10313,Carrie Wright,F,53,Bronze,2022-09-25,Abu Dhabi
CUST-10314,Joseph Moore,M,62,Silver,2022-04-30,Dubai
CUST-10315,Jason Morgan,F,45,Gold,2023-09-25,Sharjah
CUST-10316,Maria Jones,F,54,Bronze,2020-08-03,Doha
CUST-10317,Diane Cummings,M,51,Platinum,2024-02-06,Muscat
CUST-10318,Shelley Cook,M,31,Gold,2023-08-22,Muscat
CUST-10319,Gregory Ponce,F,35,Gold,2024-05-12,Dubai
CUST-10320,Kurt Hurley,M,61,Silver,2021-12-07,Muscat
CUST-10321,Rickey Li,M,29,Bronze,2024-03-08,Muscat
CUST-10322,Nancy Jennings,F,19,Bronze,2023-04-15,Doha
CUST-10323,Jessica Cox,M,66,Bronze,2022-04-07,Al Ain
CUST-10324,Daniel Meza,F,22,Gold,2023-01-14,Dubai
CUST-10325,Chad Jones,M,54,Bronze,2025-04-10,Muscat
CUST-10326,Randy Conley,F,61,Silver,2025-07-08,Muscat
CUST-10327,George Miranda,F,42,Silver,2020-10-25,Al Ain
CUST-10328,Christopher Guerra,M,68,Bronze,2024-10-24,Doha
CUST-10329,Carol Kim,M,50,Gold,2022-07-26,Sharjah
CUST-10330,Cynthia Wallace,F,21,Bronze,2021-10-11,Dubai
CUST-10331,Joann Ferguson,M,22,Platinum,2021-12-06,Dubai
CUST-10332,Julie Conley,F,67,Bronze,2022-04-19,Dubai
CUST-10333,Victoria Murray,F,68,Bronze,2021-10-04,Doha
CUST-10334,Joseph Burch,F,32,Bronze,2025-02-06,Dubai
CUST-10335,Brenda Wright,F,45,Platinum,2024-01-02,Dubai
CUST-10336,Kristen Garcia,F,23,Bronze,2025-04-13,Al Ain
CUST-10337,Dominique Hines,F,69,Bronze,2021-09-14,Dubai
CUST-10338,Brittany Kim,M,23,Platinum,2025-11-28,Dubai
CUST-10339,Jerry Bailey,F,63,Bronze,2020-03-01,Al Ain
CUST-10340,Jonathan Young,M,65,Silver,2026-03-18,Dubai
CUST-10341,Alfred Galvan,F,24,Silver,2025-03-29,Dubai
CUST-10342,Raven Taylor,F,46,Bronze,2021-10-16,Dubai
CUST-10343,Melissa Taylor,F,24,Bronze,2024-05-28,Dubai
CUST-10344,Aaron Miller,M,45,Gold,2021-08-06,Abu Dhabi
CUST-10345,Kimberly Acosta,F,24,Bronze,2023-04-18,Dubai
CUST-10346,Dwayne Turner,F,53,Bronze,2020-04-18,Dubai
CUST-10347,Riley Bryant,F,42,Silver,2020-09-09,Dubai
CUST-10348,Linda Smith,F,42,Bronze,2023-03-21,Al Ain
CUST-10349,Charles Patterson,M,54,Bronze,2023-11-03,Abu Dhabi
CUST-10350,Jason Beck,F,28,Bronze,2020-07-14,Dubai
CUST-10351,Andrea Fox,F,35,Bronze,2023-03-03,Abu Dhabi
CUST-10352,Kristen Myers DDS,M,28,Silver,2023-12-20,Abu Dhabi
CUST-10353,Mrs. Alexis Kramer,F,37,Bronze,2022-02-25,Abu Dhabi
CUST-10354,Lori Ingram,M,41,Gold,2024-08-03,Dubai
CUST-10355,Andrew Payne,M,64,Bronze,2025-01-29,Sharjah
CUST-10356,Richard Marshall,M,47,Silver,2024-05-05,Dubai
CUST-10357,Robin Brown,F,18,Bronze,2024-11-05,Doha
CUST-10358,Edward Williams,F,57,Bronze,2021-03-30,Dubai
CUST-10359,Timothy Robertson,F,46,Silver,2026-03-06,Dubai
CUST-10360,Dawn Mullins,M,37,Silver,2021-03-11,Dubai
CUST-10361,Richard Glenn,M,48,Bronze,2022-01-27,Dubai
CUST-10362,Jacob Preston,F,38,Silver,2024-08-22,Dubai
CUST-10363,Jasmine Beltran,F,54,Silver,2023-02-05,Al Ain
CUST-10364,Tim Stone PhD,F,42,Silver,2024-07-16,Dubai
CUST-10365,Lance Short,F,41,Gold,2023-05-29,Dubai
CUST-10366,Bobby Guerrero,M,55,Silver,2021-11-30,Doha
CUST-10367,Jessica Norris,M,61,Bronze,2022-03-12,Al Ain
CUST-10368,Sergio Gomez,M,64,Silver,2026-03-26,Abu Dhabi
CUST-10369,William Gould,M,46,Bronze,2020-06-20,Al Ain
CUST-10370,Heidi Owen,M,70,Bronze,2024-03-29,Muscat
CUST-10371,Brenda Lawson,F,61,Silver,2024-11-17,Abu Dhabi
CUST-10372,Austin Osborne,F,33,Bronze,2022-04-15,Dubai
CUST-10373,Keith Jacobs,M,63,Gold,2024-03-28,Abu Dhabi
CUST-10374,Jacqueline Hines,F,22,Silver,2023-08-02,Abu Dhabi
CUST-10375,Jennifer Banks,F,55,Bronze,2021-07-23,Abu Dhabi
CUST-10376,Noah Porter,F,52,Bronze,2022-06-01,Dubai
CUST-10377,Deborah Green,F,62,Silver,2022-10-14,Muscat
CUST-10378,Donna Hendricks DDS,M,24,Silver,2020-10-06,Al Ain
CUST-10379,Jodi Roach,F,28,Silver,2022-10-12,Sharjah
CUST-10380,Michael Bruce,M,54,Silver,2021-12-29,Doha
CUST-10381,Austin Daniels,F,66,Bronze,2025-07-26,Dubai
CUST-10382,Michelle Ho,F,24,Bronze,2023-12-25,Dubai
CUST-10383,Katie Martinez,F,32,Silver,2021-04-03,Abu Dhabi
CUST-10384,Richard Johnson,M,46,Bronze,2023-06-17,Dubai
CUST-10385,Robert Arnold,F,67,Bronze,2023-10-27,Sharjah
CUST-10386,Eric Key,M,40,Silver,2024-06-27,Doha
CUST-10387,Patricia Morrow,F,24,Bronze,2020-06-17,Dubai
CUST-10388,Maria Cole,M,25,Silver,2024-03-31,Muscat
CUST-10389,Shawn Deleon,M,40,Gold,2023-12-30,Dubai
CUST-10390,Vincent Reynolds,F,68,Silver,2025-09-08,Dubai
CUST-10391,Caleb Hernandez,F,40,Bronze,2021-01-10,Abu Dhabi
CUST-10392,Michael Reed,F,64,Bronze,2025-11-16,Sharjah
CUST-10393,Sarah King,F,22,Silver,2023-12-19,Dubai
CUST-10394,Beth Turner,M,19,Bronze,2023-05-01,Muscat
CUST-10395,Caroline David,M,61,Silver,2020-12-17,Al Ain
CUST-10396,Michelle Jacobs,M,51,Silver,2025-04-05,Dubai
CUST-10397,Samantha Johnson,M,39,Bronze,2020-04-13,Abu Dhabi
CUST-10398,Laura Curtis,F,32,Bronze,2024-10-15,Al Ain
CUST-10399,Mark Jimenez,M,29,Bronze,2023-12-01,Sharjah
CUST-10400,Tyler Webb,F,43,Gold,2025-01-09,Dubai
CUST-10401,Elizabeth Jones,M,46,Bronze,2020-05-16,Abu Dhabi
CUST-10402,John Harris,F,18,Silver,2023-10-15,Sharjah
CUST-10403,Nathan Gross,M,35,Bronze,2025-05-17,Al Ain
CUST-10404,Bianca Wood,M,54,Silver,2023-07-05,Dubai
CUST-10405,John Adams,M,41,Bronze,2021-07-19,Dubai
CUST-10406,Dylan Cruz,F,25,Gold,2023-11-04,Dubai
CUST-10407,Sean Moore,F,51,Gold,2022-01-16,Doha
CUST-10408,Emily Hines,F,56,Bronze,2023-02-10,Dubai
CUST-10409,Kathleen Parker,F,55,Bronze,2020-02-22,Dubai
CUST-10410,Kathy Levy,F,47,Bronze,2021-05-05,Sharjah
CUST-10411,Anthony Simpson,F,57,Gold,2025-07-05,Abu Dhabi
CUST-10412,Julie Herrera,M,38,Bronze,2025-04-16,Dubai
CUST-10413,Stephen Luna,F,25,Bronze,2024-10-08,Dubai
CUST-10414,James Hudson,M,50,Bronze,2021-03-20,Dubai
CUST-10415,Angel Gordon,M,54,Gold,2024-10-09,Dubai
CUST-10416,William Becker,M,49,Platinum,2020-09-28,Sharjah
CUST-10417,Jennifer Norton,M,53,Silver,2022-02-12,Dubai
CUST-10418,Nicole Gonzalez,F,26,Bronze,2023-03-07,Dubai
CUST-10419,Amber Taylor,F,57,Gold,2022-01-29,Dubai
CUST-10420,Jesus Obrien,F,18,Gold,2023-03-21,Abu Dhabi
CUST-10421,Louis Martin,M,70,Bronze,2026-03-09,Dubai
CUST-10422,Elizabeth Rogers,F,44,Bronze,2025-03-04,Sharjah
CUST-10423,Michelle Evans,F,63,Bronze,2025-02-03,Muscat
CUST-10424,Michael Whitney,F,28,Silver,2023-08-24,Dubai
CUST-10425,Molly Watts,M,68,Bronze,2020-03-01,Al Ain
CUST-10426,Walter Patton,F,20,Silver,2024-11-05,Dubai
CUST-10427,Mikayla Silva,F,28,Bronze,2021-01-23,Al Ain
CUST-10428,Lisa Randall,F,53,Bronze,2020-12-03,Abu Dhabi
CUST-10429,Amanda Vaughan,M,35,Bronze,2020-09-07,Al Ain
CUST-10430,Erik Hernandez,F,52,Bronze,2024-04-24,Al Ain
CUST-10431,Reginald Knapp,M,66,Silver,2025-06-13,Sharjah
CUST-10432,Amy Taylor,M,45,Silver,2021-04-17,Dubai
CUST-10433,Matthew Fox,M,37,Bronze,2021-12-16,Muscat
CUST-10434,Thomas Peterson,M,46,Platinum,2022-03-19,Dubai
CUST-10435,Michelle Schneider,M,46,Platinum,2024-04-30,Muscat
CUST-10436,Cheryl Wright,M,67,Bronze,2023-06-26,Al Ain
CUST-10437,William Evans,M,69,Bronze,2021-10-21,Sharjah
CUST-10438,Michael Stewart,F,63,Gold,2022-03-06,Sharjah
CUST-10439,Rebecca Hill,F,28,Bronze,2020-10-04,Sharjah
CUST-10440,Jamie Baird,M,70,Gold,2025-02-09,Dubai
CUST-10441,Regina Roberts,M,54,Gold,2021-10-18,Dubai
CUST-10442,Hannah Ramos,F,56,Bronze,2021-08-07,Abu Dhabi
CUST-10443,Dale Ryan,F,63,Platinum,2025-10-29,Dubai
CUST-10444,Breanna Gilbert,F,50,Bronze,2023-08-31,Doha
CUST-10445,Michael Schmidt,M,26,Bronze,2023-12-26,Doha
CUST-10446,Jason Love,F,21,Bronze,2020-08-17,Doha
CUST-10447,Abigail Pierce,M,62,Silver,2025-10-20,Muscat
CUST-10448,Timothy Johns,M,27,Bronze,2022-12-25,Sharjah
CUST-10449,Victor Morris,M,66,Bronze,2024-01-13,Muscat
CUST-10450,Ann Andrews,F,49,Silver,2023-05-05,Dubai
CUST-10451,Taylor Gentry,F,58,Bronze,2021-02-03,Abu Dhabi
CUST-10452,Casey Gillespie,F,22,Bronze,2026-03-24,Sharjah
CUST-10453,Jon Zuniga,M,43,Silver,2026-01-03,Abu Dhabi
CUST-10454,Sherri Smith,F,62,Bronze,2023-07-19,Doha
CUST-10455,William Mitchell,F,47,Bronze,2026-03-06,Doha
CUST-10456,Kathleen Mays,F,55,Bronze,2025-04-25,Dubai
CUST-10457,Corey Rodriguez,M,64,Bronze,2021-01-05,Doha
CUST-10458,David Lopez,F,22,Bronze,2024-08-07,Al Ain
CUST-10459,Laura Todd,F,31,Silver,2021-02-04,Doha
CUST-10460,Stephanie Wilcox,M,49,Bronze,2023-03-21,Dubai
CUST-10461,Michael Lopez,F,39,Bronze,2020-11-16,Abu Dhabi
CUST-10462,David Green,M,54,Bronze,2021-06-21,Muscat
CUST-10463,Tiffany Turner,F,61,Silver,2024-07-06,Al Ain
CUST-10464,Matthew Schwartz,M,24,Silver,2020-05-21,Sharjah
CUST-10465,Eric Sullivan,F,19,Bronze,2023-02-20,Dubai
CUST-10466,Michele Collins,M,46,Bronze,2020-09-24,Abu Dhabi
CUST-10467,Elizabeth Mendez,F,30,Silver,2021-05-14,Doha
CUST-10468,Christian Adkins,M,59,Silver,2023-10-13,Dubai
CUST-10469,Joshua Ruiz,F,23,Silver,2023-05-11,Sharjah
CUST-10470,Colleen Wright,F,23,Platinum,2024-09-17,Dubai
CUST-10471,Angela Griffin,M,21,Bronze,2024-05-24,Dubai
CUST-10472,Justin Brown,F,64,Silver,2023-06-03,Sharjah
CUST-10473,Laura Hernandez,M,45,Bronze,2022-01-18,Sharjah
CUST-10474,Audrey Harris,M,18,Gold,2023-08-23,Dubai
CUST-10475,Jordan Stokes,M,26,Silver,2022-10-31,Abu Dhabi
CUST-10476,Joyce Brown,F,18,Bronze,2022-11-20,Dubai
CUST-10477,Miranda Foster,F,70,Bronze,2025-02-05,Dubai
CUST-10478,Laura Williams,F,62,Bronze,2022-02-24,Dubai
CUST-10479,Zachary Michael,M,32,Silver,2020-06-06,Dubai
CUST-10480,Amanda Ortiz,M,24,Platinum,2024-10-20,Dubai
CUST-10481,Veronica Brewer,F,26,Gold,2022-08-16,Dubai
CUST-10482,Janet Kane DVM,M,59,Bronze,2022-05-06,Doha
CUST-10483,Mary Ryan,M,22,Bronze,2024-01-30,Abu Dhabi
CUST-10484,Christopher Medina,M,57,Platinum,2023-04-21,Sharjah
CUST-10485,Courtney Smith,F,40,Bronze,2020-02-21,Sharjah
CUST-10486,Michael Stephens,M,44,Bronze,2023-04-28,Sharjah
CUST-10487,Danielle Reed,F,31,Bronze,2021-09-20,Dubai
CUST-10488,Molly Rodriguez,M,26,Bronze,2025-01-20,Al Ain
CUST-10489,Ralph Stephenson,F,40,Bronze,2020-02-05,Doha
CUST-10490,Brian Johnson,F,68,Silver,2023-09-25,Dubai
CUST-10491,Amber Yang,F,59,Bronze,2022-07-06,Dubai
CUST-10492,Daniel Shields,F,67,Bronze,2020-05-08,Doha
CUST-10493,Donna Cabrera,M,60,Bronze,2024-07-26,Muscat
CUST-10494,Kyle Chambers,M,51,Silver,2022-01-01,Sharjah
CUST-10495,Charles Keller,M,65,Silver,2021-05-19,Dubai
CUST-10496,Antonio Fry,M,68,Bronze,2025-06-29,Muscat
CUST-10497,Lori Simmons,M,49,Gold,2023-02-04,Dubai
CUST-10498,Teresa Powers,M,49,Gold,2024-11-27,Sharjah
CUST-10499,Jason Hernandez,M,51,Bronze,2022-05-08,Muscat
CUST-10500,Kara Atkinson,M,41,Bronze,2021-11-16,Doha
CUST-10501,Renee Melendez,M,42,Bronze,2023-07-06,Muscat
CUST-10502,Kristin Anderson,F,41,Silver,2021-07-07,Abu Dhabi
CUST-10503,Matthew Nielsen,M,66,Silver,2025-04-16,Abu Dhabi
CUST-10504,Nathaniel Lee,M,19,Bronze,2021-09-04,Abu Dhabi
CUST-10505,Lindsey Russo,M,34,Bronze,2021-03-05,Dubai
CUST-10506,Misty Hansen,M,68,Silver,2022-12-29,Dubai
CUST-10507,Felicia Krueger,F,58,Bronze,2020-02-04,Sharjah
CUST-10508,Tonya Wilson,F,45,Bronze,2026-03-30,Sharjah
CUST-10509,David Munoz,M,58,Silver,2021-04-11,Abu Dhabi
CUST-10510,Kristen Rowe,M,35,Bronze,2022-05-18,Dubai
CUST-10511,Heather Green,M,50,Bronze,2023-03-15,Muscat
CUST-10512,Brett Zavala MD,M,52,Silver,2025-03-30,Dubai
CUST-10513,Jacqueline Gutierrez,M,37,Silver,2023-07-07,Sharjah
CUST-10514,Charles Green,M,21,Silver,2025-11-02,Dubai
CUST-10515,Jennifer Hernandez,F,25,Bronze,2022-01-22,Abu Dhabi
CUST-10516,Roy Porter,M,37,Silver,2024-02-02,Sharjah
CUST-10517,Dawn Underwood,M,25,Gold,2026-01-13,Dubai
CUST-10518,Katherine Jackson,M,62,Silver,2024-12-18,Dubai
CUST-10519,Nathan Freeman,F,40,Bronze,2025-09-22,Abu Dhabi
CUST-10520,Maria Brown,F,28,Bronze,2020-03-18,Dubai
CUST-10521,Theresa Barnett,F,64,Bronze,2024-10-09,Muscat
CUST-10522,Ryan Hall,M,39,Bronze,2024-06-01,Al Ain
CUST-10523,Jonathan Brooks,F,51,Platinum,2023-11-10,Dubai
CUST-10524,Lisa Webb,M,49,Bronze,2023-01-17,Abu Dhabi
CUST-10525,Juan Smith,F,21,Bronze,2023-04-22,Abu Dhabi
CUST-10526,William Smith,M,41,Bronze,2025-01-28,Dubai
CUST-10527,Renee Browning,M,54,Bronze,2020-09-01,Sharjah
CUST-10528,Chase Lee,M,32,Bronze,2023-04-15,Sharjah
CUST-10529,Debra Sanders,M,20,Silver,2022-04-30,Muscat
CUST-10530,Karl Branch,M,33,Platinum,2021-05-30,Dubai
CUST-10531,Sarah Valdez,F,42,Gold,2025-05-11,Muscat
CUST-10532,Anna Gray,M,20,Bronze,2023-06-14,Abu Dhabi
CUST-10533,Adam Jackson,F,32,Bronze,2023-02-14,Dubai
CUST-10534,Richard Knight,F,64,Silver,2025-05-11,Dubai
CUST-10535,Joseph Williams,M,54,Silver,2021-04-27,Dubai
CUST-10536,Stacy Alvarez,M,29,Gold,2020-04-16,Dubai
CUST-10537,Timothy Lam,M,43,Bronze,2023-07-09,Dubai
CUST-10538,Timothy Edwards,F,36,Bronze,2026-01-02,Al Ain
CUST-10539,Nicole Marquez,F,38,Bronze,2022-06-27,Dubai
CUST-10540,Christopher Allen,F,18,Silver,2025-03-18,Dubai
CUST-10541,Steven Rivera,F,54,Bronze,2024-09-19,Al Ain
CUST-10542,William Ramsey,M,47,Gold,2023-02-16,Dubai
CUST-10543,Amy Kim,F,67,Bronze,2025-03-28,Al Ain
CUST-10544,Randy Friedman,M,27,Bronze,2022-06-23,Dubai
CUST-10545,Alyssa Nelson,F,19,Silver,2026-03-14,Dubai
CUST-10546,Henry Pugh MD,F,58,Bronze,2024-03-30,Muscat
CUST-10547,Angelica Montgomery,M,39,Bronze,2024-12-25,Dubai
CUST-10548,Angela Moore,F,65,Bronze,2024-06-11,Sharjah
CUST-10549,Nancy Stewart,M,31,Bronze,2020-08-31,Abu Dhabi
CUST-10550,Eric Ward,M,44,Gold,2021-09-07,Abu Dhabi
CUST-10551,Cody Cole,M,27,Gold,2023-06-19,Sharjah
CUST-10552,Alexander Gomez,M,20,Bronze,2020-07-31,Muscat
CUST-10553,Erika Cruz,F,62,Bronze,2021-10-27,Muscat
CUST-10554,Bradley Santana,F,65,Silver,2025-08-26,Dubai
CUST-10555,Laura Jackson,M,50,Bronze,2022-05-18,Dubai
CUST-10556,Eric Snyder,F,22,Silver,2020-05-24,Abu Dhabi
CUST-10557,Jason Washington,M,45,Gold,2020-06-24,Sharjah
CUST-10558,David Weber,M,33,Gold,2023-09-16,Dubai
CUST-10559,Brian Torres,F,69,Bronze,2025-12-04,Dubai
CUST-10560,Manuel Brock,F,38,Silver,2022-01-21,Abu Dhabi
CUST-10561,Robert Villarreal,M,22,Silver,2026-01-31,Doha
CUST-10562,Frank Valentine,M,67,Silver,2021-04-03,Al Ain
CUST-10563,Vincent Novak,M,27,Bronze,2021-10-26,Dubai
CUST-10564,Katherine Johnston,F,47,Gold,2021-07-06,Dubai
CUST-10565,Robert Long,M,52,Gold,2020-09-16,Dubai
CUST-10566,Leslie Gardner,M,46,Silver,2024-04-03,Dubai
CUST-10567,Tiffany Murray,F,25,Silver,2024-06-03,Dubai
CUST-10568,Eddie Schwartz,F,70,Silver,2025-02-11,Sharjah
CUST-10569,Jennifer Porter,M,31,Silver,2023-12-15,Muscat
CUST-10570,Matthew Espinoza,F,27,Silver,2024-12-04,Dubai
CUST-10571,William Mendoza,M,40,Bronze,2022-07-03,Dubai
CUST-10572,Tami Holt,M,61,Silver,2023-05-25,Dubai
CUST-10573,Heather Woodard,M,19,Platinum,2023-05-09,Doha
CUST-10574,Angela Mack,F,53,Bronze,2024-02-08,Sharjah
CUST-10575,Matthew Williams,M,24,Bronze,2026-02-21,Abu Dhabi
CUST-10576,Jennifer Goodwin,M,25,Bronze,2026-01-11,Dubai
CUST-10577,Adam Green,M,26,Gold,2023-03-10,Dubai
CUST-10578,Lauren Johnston,F,41,Bronze,2022-10-13,Sharjah
CUST-10579,Raymond Chapman,M,55,Bronze,2023-02-15,Abu Dhabi
CUST-10580,Alexander Garcia,M,19,Gold,2022-08-06,Doha
CUST-10581,Audrey Shepard,M,59,Gold,2020-11-19,Abu Dhabi
CUST-10582,Jesse Clark,M,23,Bronze,2023-01-06,Muscat
CUST-10583,Jeffrey Horton,F,25,Gold,2021-12-28,Dubai
CUST-10584,Robert Wilson,F,21,Gold,2025-04-20,Dubai
CUST-10585,Megan Martin,F,70,Bronze,2026-02-22,Sharjah
CUST-10586,Christopher Moore,F,19,Bronze,2023-07-01,Dubai
CUST-10587,Crystal Sullivan,F,29,Silver,2021-02-24,Dubai
CUST-10588,Jessica Johnson,M,35,Platinum,2023-11-01,Dubai
CUST-10589,Kevin Price,M,20,Gold,2024-05-26,Sharjah
CUST-10590,Paul Stokes,M,59,Silver,2020-05-22,Dubai
CUST-10591,Shane Lopez,F,53,Platinum,2022-01-13,Abu Dhabi
CUST-10592,Dennis Huffman,M,35,Silver,2023-04-18,Dubai
CUST-10593,Linda Carr,F,30,Bronze,2023-08-31,Sharjah
CUST-10594,Ryan Williamson,M,58,Silver,2025-01-30,Doha
CUST-10595,Elizabeth Mendez,M,42,Silver,2020-07-12,Al Ain
CUST-10596,Bruce Torres,F,48,Bronze,2021-02-21,Abu Dhabi
CUST-10597,Kayla Barnes,F,40,Silver,2020-11-10,Muscat
CUST-10598,Cody Reid,F,42,Gold,2024-04-30,Dubai
CUST-10599,Zoe Peters,M,38,Gold,2023-01-21,Abu Dhabi
CUST-10600,Ernest Hayes,M,69,Silver,2020-05-02,Al Ain
CUST-10601,Adam Taylor,M,69,Silver,2025-02-02,Doha
CUST-10602,Kathy Simpson,F,67,Gold,2024-04-10,Abu Dhabi
CUST-10603,Ryan Burns,M,28,Bronze,2020-07-07,Dubai
CUST-10604,Philip Carter,M,35,Bronze,2021-09-18,Abu Dhabi
CUST-10605,Carol Ellis,M,66,Bronze,2024-08-20,Doha
CUST-10606,Krista Wilson,M,54,Bronze,2020-09-17,Muscat
CUST-10607,Samantha Richardson,F,40,Bronze,2025-02-19,Doha
CUST-10608,Nathan Payne,M,29,Bronze,2026-03-07,Dubai
CUST-10609,Ronald Potter,F,69,Bronze,2021-11-10,Sharjah
CUST-10610,Mrs. Hannah Montoya MD,F,55,Bronze,2026-03-17,Dubai
CUST-10611,Cynthia Cochran,F,54,Bronze,2023-09-03,Abu Dhabi
CUST-10612,Michael Chen,M,69,Gold,2021-01-13,Muscat
CUST-10613,Daniel Clark,F,52,Silver,2020-05-15,Dubai
CUST-10614,Douglas Ryan,F,20,Bronze,2022-01-08,Dubai
CUST-10615,Donna Adams,M,56,Silver,2025-05-11,Dubai
CUST-10616,Miss Anna Estes,F,18,Platinum,2024-11-27,Dubai
CUST-10617,Wendy Camacho,M,69,Bronze,2020-10-16,Dubai
CUST-10618,Danielle Dawson,M,69,Silver,2025-03-04,Muscat
CUST-10619,Megan Burns,F,21,Bronze,2023-08-10,Dubai
CUST-10620,Jason Hayes,M,67,Bronze,2023-12-16,Dubai
CUST-10621,Anna Robertson,F,22,Bronze,2021-09-26,Dubai
CUST-10622,Jackie Clements,F,55,Gold,2022-01-16,Dubai
CUST-10623,Raymond Oconnor,F,38,Silver,2024-07-25,Dubai
CUST-10624,Matthew Howard,M,64,Silver,2020-05-24,Doha
CUST-10625,Claudia Jordan,F,59,Gold,2021-04-28,Dubai
CUST-10626,Ronald Morgan,F,32,Bronze,2023-08-11,Sharjah
CUST-10627,Karina Cooper,M,42,Bronze,2024-04-05,Dubai
CUST-10628,Brett Bowers,F,26,Gold,2022-11-14,Dubai
CUST-10629,Scott Alexander,M,62,Bronze,2020-01-02,Doha
CUST-10630,Christina Barker,F,67,Gold,2020-10-27,Doha
CUST-10631,Caitlin Cantu,M,29,Gold,2021-09-17,Sharjah
CUST-10632,Danielle Watson,M,58,Silver,2025-08-23,Abu Dhabi
CUST-10633,James Torres,F,27,Bronze,2024-05-14,Dubai
CUST-10634,Matthew Padilla,M,33,Bronze,2020-01-03,Dubai
CUST-10635,Casey Perez,F,28,Gold,2024-03-31,Sharjah
CUST-10636,Michael Montoya,M,70,Bronze,2026-03-03,Sharjah
CUST-10637,Carlos Jones,F,46,Silver,2022-05-23,Dubai
CUST-10638,Ashley Edwards,M,33,Silver,2025-07-02,Sharjah
CUST-10639,Raymond Mullins,F,34,Bronze,2020-10-30,Al Ain
CUST-10640,Brenda Moreno MD,M,21,Silver,2024-01-22,Dubai
CUST-10641,Nathan Fuller,F,28,Platinum,2020-12-11,Muscat
CUST-10642,Michael Heath,F,42,Bronze,2020-07-16,Dubai
CUST-10643,Paul Lawrence,F,24,Platinum,2022-05-25,Al Ain
CUST-10644,Emily Taylor,M,28,Bronze,2021-09-23,Abu Dhabi
CUST-10645,Juan Greene,M,36,Silver,2023-10-17,Dubai
CUST-10646,Melissa Abbott,F,24,Gold,2024-02-10,Dubai
CUST-10647,Joseph Hicks,M,42,Silver,2024-09-01,Dubai
CUST-10648,Anthony Hurst,M,53,Silver,2025-12-17,Doha
CUST-10649,Brian Porter MD,M,39,Silver,2023-04-20,Abu Dhabi
CUST-10650,Victoria Peck,F,63,Gold,2020-10-28,Dubai
CUST-10651,Laura Diaz,M,56,Silver,2024-04-06,Muscat
CUST-10652,Tiffany Townsend,M,21,Gold,2020-02-08,Dubai
CUST-10653,Dennis Williams,M,30,Bronze,2020-05-17,Abu Dhabi
CUST-10654,Katie Fuller,F,60,Bronze,2023-02-16,Dubai
CUST-10655,Michael Miller,M,24,Silver,2023-05-08,Dubai
CUST-10656,Diamond Collins,F,27,Gold,2023-03-12,Dubai
CUST-10657,Robert Herrera,M,45,Platinum,2022-06-10,Dubai
CUST-10658,Sandra Becker,F,30,Silver,2020-05-30,Dubai
CUST-10659,Monica Mathis,M,28,Platinum,2020-05-12,Sharjah
CUST-10660,Jeffrey Chavez,M,48,Bronze,2023-10-20,Muscat
CUST-10661,Patrick Yang,F,68,Bronze,2020-09-29,Dubai
CUST-10662,Meredith Martin,F,60,Silver,2025-12-13,Dubai
CUST-10663,Rachel Le,F,29,Silver,2021-01-15,Dubai
CUST-10664,Richard Adams,F,41,Bronze,2025-07-14,Dubai
CUST-10665,Alyssa Roman,M,34,Bronze,2021-09-12,Abu Dhabi
CUST-10666,Michael Ray,F,32,Silver,2020-06-24,Muscat
CUST-10667,Ian Porter,M,27,Bronze,2023-07-17,Al Ain
CUST-10668,David Garcia,M,23,Bronze,2023-08-02,Sharjah
CUST-10669,Crystal Hicks,F,66,Bronze,2020-04-10,Abu Dhabi
CUST-10670,Dana Ruiz,M,42,Bronze,2022-05-23,Al Ain
CUST-10671,Timothy Mathews,F,52,Silver,2023-06-15,Sharjah
CUST-10672,Natalie Barnes,F,54,Bronze,2022-01-04,Muscat
CUST-10673,Nathan Nelson,F,37,Bronze,2020-06-26,Dubai
CUST-10674,Jonathan Winters,M,50,Bronze,2021-02-13,Abu Dhabi
CUST-10675,Vicki Finley,M,25,Bronze,2020-06-06,Doha
CUST-10676,Douglas Kirk,F,29,Bronze,2022-01-16,Doha
CUST-10677,Aimee Gonzalez,M,31,Silver,2023-07-10,Al Ain
CUST-10678,Marcus Marshall,M,20,Gold,2023-09-11,Abu Dhabi
CUST-10679,Raymond Gonzalez DVM,F,30,Platinum,2024-09-30,Doha
CUST-10680,Aaron Ortiz,M,56,Silver,2021-06-15,Dubai
CUST-10681,Ryan Wiley,M,23,Silver,2025-12-09,Dubai
CUST-10682,Matthew Sweeney,F,53,Silver,2024-07-16,Dubai
CUST-10683,Joseph Allen,F,51,Silver,2023-01-27,Abu Dhabi
CUST-10684,Zachary Dawson,M,68,Bronze,2020-07-31,Sharjah
CUST-10685,Stephanie Meyer,F,25,Silver,2024-05-17,Abu Dhabi
CUST-10686,William Miller,M,54,Silver,2020-08-06,Abu Dhabi
CUST-10687,Robert Jones,M,24,Bronze,2023-07-19,Abu Dhabi
CUST-10688,Victor Young,M,68,Bronze,2021-08-18,Dubai
CUST-10689,Robert Haynes,F,44,Bronze,2024-08-04,Dubai
CUST-10690,Dillon Jones,F,54,Bronze,2021-04-07,Sharjah
CUST-10691,Lauren Moore,M,29,Bronze,2021-01-09,Dubai
CUST-10692,Jason Herrera,M,57,Bronze,2026-01-09,Sharjah
CUST-10693,Eric Baker,F,20,Silver,2020-09-30,Dubai
CUST-10694,Michael Mckenzie,F,62,Bronze,2024-05-08,Dubai
CUST-10695,Russell Murphy,F,35,Silver,2020-07-27,Muscat
CUST-10696,Henry Palmer,M,39,Bronze,2024-03-24,Al Ain
CUST-10697,William Johnson,F,37,Bronze,2022-07-11,Dubai
CUST-10698,Paul Wright,F,62,Platinum,2022-11-19,Sharjah
CUST-10699,Brenda Smith,M,26,Silver,2025-03-09,Dubai
CUST-10700,Mrs. Samantha Watson,F,67,Bronze,2023-12-08,Al Ain
CUST-10701,Lauren Green,F,64,Bronze,2025-01-27,Abu Dhabi
CUST-10702,Austin Orr,M,30,Bronze,2022-10-08,Abu Dhabi
CUST-10703,Taylor Calderon,F,65,Gold,2022-01-26,Abu Dhabi
CUST-10704,Joel Jackson,F,70,Gold,2023-08-02,Dubai
CUST-10705,Jennifer Johnson,M,22,Silver,2024-04-07,Dubai
CUST-10706,Daniel Lopez,F,26,Bronze,2021-09-30,Al Ain
CUST-10707,Amanda Harvey,M,29,Silver,2021-07-14,Dubai
CUST-10708,Jason Pierce,M,21,Bronze,2020-05-19,Dubai
CUST-10709,Chad Gonzalez,F,21,Bronze,2025-07-10,Muscat
CUST-10710,Lydia Pham,M,35,Silver,2024-12-18,Dubai
CUST-10711,Rachael Howard DDS,F,50,Silver,2023-01-10,Dubai
CUST-10712,Kathryn Price,M,61,Bronze,2021-02-14,Dubai
CUST-10713,Daniel Huang,F,49,Silver,2024-11-10,Abu Dhabi
CUST-10714,William Moreno,M,48,Silver,2024-10-15,Abu Dhabi
CUST-10715,Dr. Ariel Sandoval MD,F,40,Bronze,2025-02-04,Dubai
CUST-10716,Amy Davies,F,65,Bronze,2021-05-15,Muscat
CUST-10717,Rebecca Kelly,M,36,Silver,2025-03-29,Dubai
CUST-10718,Casey Watkins,M,28,Silver,2025-01-12,Muscat
CUST-10719,Suzanne Johnson,M,32,Bronze,2024-05-16,Sharjah
CUST-10720,Kristy Hart,M,35,Bronze,2021-03-05,Sharjah
CUST-10721,Sierra Vasquez MD,M,67,Bronze,2023-01-23,Doha
CUST-10722,David Robinson,M,48,Bronze,2023-04-15,Muscat
CUST-10723,Thomas Harris,M,56,Bronze,2020-10-24,Al Ain
CUST-10724,Tamara Richard,M,34,Silver,2022-01-08,Sharjah
CUST-10725,Kevin Stark,F,63,Bronze,2024-11-01,Doha
CUST-10726,Shannon Yu,F,45,Silver,2022-05-02,Muscat
CUST-10727,Jennifer Garcia,F,47,Gold,2021-11-19,Dubai
CUST-10728,Christopher Fry,F,37,Platinum,2024-12-11,Sharjah
CUST-10729,Marie Thompson,F,55,Bronze,2026-01-18,Dubai
CUST-10730,Tanya Buchanan,F,53,Silver,2021-05-24,Sharjah
CUST-10731,Casey Parker,F,37,Bronze,2024-04-19,Sharjah
CUST-10732,Nicholas Rush,F,22,Gold,2025-12-03,Dubai
CUST-10733,Zachary Sanford,F,58,Bronze,2020-03-14,Dubai
CUST-10734,Tammy Ponce,F,34,Bronze,2021-05-18,Sharjah
CUST-10735,Taylor Taylor,F,30,Bronze,2024-08-27,Dubai
CUST-10736,William Jackson,M,21,Silver,2025-07-12,Al Ain
CUST-10737,Michael Fowler,F,60,Gold,2025-07-15,Dubai
CUST-10738,Derek Wright,M,64,Silver,2020-06-03,Dubai
CUST-10739,Brian Smith,F,36,Bronze,2022-05-30,Dubai
CUST-10740,Tracy Wilkerson,F,43,Silver,2023-01-29,Dubai
CUST-10741,Joshua Garcia,M,55,Gold,2022-12-29,Sharjah
CUST-10742,Marilyn Mcdaniel,M,39,Silver,2021-01-06,Sharjah
CUST-10743,Ryan Phillips,M,61,Bronze,2021-12-27,Abu Dhabi
CUST-10744,Angela Jackson,F,60,Bronze,2022-05-06,Dubai
CUST-10745,Kimberly Villanueva,F,28,Silver,2020-07-31,Muscat
CUST-10746,Lisa Webb,M,36,Bronze,2020-03-11,Dubai
CUST-10747,Carmen Preston,M,65,Gold,2020-12-24,Dubai
CUST-10748,Daniel Lee,M,61,Bronze,2024-05-09,Muscat
CUST-10749,Monica Baker,M,32,Gold,2021-10-04,Dubai
CUST-10750,Anthony Armstrong,F,44,Bronze,2025-03-30,Al Ain
CUST-10751,Isaac Patterson,F,41,Bronze,2021-11-02,Dubai
CUST-10752,Lindsay Gonzalez,F,47,Bronze,2020-02-28,Muscat
CUST-10753,Edgar Miller,F,21,Gold,2025-04-08,Muscat
CUST-10754,James Burns,M,48,Silver,2024-02-16,Muscat
CUST-10755,Joshua Lopez,M,61,Bronze,2025-07-12,Dubai
CUST-10756,Jeremy Baker,F,44,Bronze,2022-11-26,Dubai
CUST-10757,Derrick Brown,M,26,Silver,2024-09-11,Doha
CUST-10758,Angelica Cooper,F,44,Bronze,2023-05-20,Doha
CUST-10759,Leah Spencer,F,27,Gold,2025-04-01,Dubai
CUST-10760,Jennifer Nichols,M,67,Bronze,2025-05-31,Dubai
CUST-10761,Stephen Alvarez,F,58,Bronze,2020-06-29,Doha
CUST-10762,Michelle Shaw,F,58,Silver,2025-08-15,Dubai
CUST-10763,Megan Oliver,F,35,Silver,2020-10-01,Dubai
CUST-10764,Carrie Joyce,M,54,Platinum,2026-01-26,Al Ain
CUST-10765,Beth Henderson,F,68,Bronze,2026-03-04,Al Ain
CUST-10766,Zachary Burton,M,26,Silver,2025-03-17,Sharjah
CUST-10767,Thomas Sloan,F,43,Silver,2020-06-01,Abu Dhabi
CUST-10768,James Nguyen,F,42,Bronze,2021-09-22,Dubai
CUST-10769,Shane Buchanan,M,64,Gold,2023-11-22,Dubai
CUST-10770,Jennifer Perry,M,38,Gold,2020-12-04,Al Ain
CUST-10771,Olivia Ayers,M,19,Bronze,2025-10-10,Sharjah
CUST-10772,Ashlee Mitchell,M,32,Bronze,2023-05-06,Sharjah
CUST-10773,Jason Reyes,F,37,Bronze,2023-01-12,Dubai
CUST-10774,Amanda Hill,F,50,Bronze,2020-11-24,Abu Dhabi
CUST-10775,Melissa Williams,M,22,Bronze,2025-07-22,Al Ain
CUST-10776,David Reese,F,36,Bronze,2025-10-01,Abu Dhabi
CUST-10777,Alicia Roth,F,45,Bronze,2021-11-22,Muscat
CUST-10778,John Horton,M,39,Bronze,2020-08-12,Doha
CUST-10779,Brandy Mccann,F,40,Bronze,2022-10-07,Al Ain
CUST-10780,Debra Butler,M,69,Silver,2024-01-12,Abu Dhabi
CUST-10781,Daniel Holloway,M,32,Bronze,2024-08-17,Sharjah
CUST-10782,Sharon Nicholson,M,31,Gold,2023-03-21,Sharjah
CUST-10783,Eric Hunter,M,25,Bronze,2020-11-05,Dubai
CUST-10784,Sherry Johnson,M,42,Bronze,2021-03-15,Muscat
CUST-10785,Sara Wright,F,67,Bronze,2022-11-07,Abu Dhabi
CUST-10786,Michele Hill,M,56,Silver,2025-02-21,Doha
CUST-10787,Madison Martinez,M,59,Silver,2020-03-10,Muscat
CUST-10788,Kirk Thompson,M,62,Platinum,2025-06-08,Dubai
CUST-10789,Hannah Martin,F,42,Silver,2025-08-02,Dubai
CUST-10790,Melissa Mitchell,F,48,Silver,2022-05-31,Sharjah
CUST-10791,Kenneth Hanna,M,62,Gold,2025-05-09,Sharjah
CUST-10792,Megan Adams,M,37,Silver,2022-07-23,Abu Dhabi
CUST-10793,Richard Saunders,M,60,Bronze,2020-01-21,Abu Dhabi
CUST-10794,Maria Burke,M,44,Bronze,2020-01-20,Muscat
CUST-10795,Robert Torres,M,50,Bronze,2026-01-14,Sharjah
CUST-10796,Jessica Bennett,M,36,Silver,2022-03-06,Dubai
CUST-10797,John Byrd,M,49,Platinum,2025-02-23,Dubai
CUST-10798,Brian Hunt,M,67,Silver,2024-02-19,Dubai
CUST-10799,Jacqueline Holland,M,40,Bronze,2023-10-21,Sharjah
CUST-10800,Brian Brown,F,28,Bronze,2026-03-04,Dubai
CUST-10801,Shannon Green,F,31,Bronze,2024-06-10,Sharjah
CUST-10802,Elizabeth Hernandez,F,39,Bronze,2024-10-12,Dubai
CUST-10803,Renee Lang,M,60,Silver,2023-09-30,Dubai
CUST-10804,Melanie Griffith,M,54,Silver,2024-02-03,Sharjah
CUST-10805,Deanna Barnes MD,M,23,Silver,2020-03-21,Al Ain
CUST-10806,Laura Lee,M,64,Silver,2024-07-15,Sharjah
CUST-10807,Joseph Glover,F,59,Bronze,2025-08-29,Dubai
CUST-10808,Katie Bruce,F,34,Gold,2025-04-01,Abu Dhabi
CUST-10809,Catherine Davis,M,70,Bronze,2020-10-18,Dubai
CUST-10810,Robert Hines,M,36,Silver,2021-02-21,Dubai
CUST-10811,Gabriela Davis,F,45,Silver,2022-03-21,Sharjah
CUST-10812,Elizabeth French,M,66,Bronze,2022-01-25,Muscat
CUST-10813,Edward York,M,26,Bronze,2022-12-09,Sharjah
CUST-10814,Lauren Blackburn,M,39,Bronze,2020-06-11,Dubai
CUST-10815,Kathryn Dillon,F,57,Bronze,2022-05-20,Dubai
CUST-10816,Anthony Dickerson,M,41,Bronze,2020-11-09,Al Ain
CUST-10817,Jason Hudson,M,25,Silver,2025-08-30,Abu Dhabi
CUST-10818,Eugene Baldwin,F,35,Bronze,2024-11-11,Muscat
CUST-10819,Mr. Christopher Walters,F,69,Silver,2020-01-11,Abu Dhabi
CUST-10820,Philip Jackson,M,25,Gold,2024-10-09,Dubai
CUST-10821,Phillip Miller DDS,M,28,Gold,2023-12-15,Dubai
CUST-10822,Vincent Reyes,F,69,Silver,2020-03-27,Abu Dhabi
CUST-10823,Jake Smith,F,29,Silver,2022-01-04,Sharjah
CUST-10824,Cheryl Rhodes,F,57,Silver,2023-11-30,Dubai
CUST-10825,Michael Cooper,M,48,Bronze,2020-10-21,Muscat
CUST-10826,Kevin Jackson,M,44,Gold,2025-02-22,Abu Dhabi
CUST-10827,Earl Luna,M,34,Bronze,2023-09-22,Sharjah
CUST-10828,Stephen Cowan,M,63,Bronze,2022-02-20,Muscat
CUST-10829,Heather Lopez,M,60,Bronze,2025-12-02,Muscat
CUST-10830,Jennifer Perez,M,45,Bronze,2024-07-16,Sharjah
CUST-10831,Nicholas Lawrence,M,48,Bronze,2021-01-20,Dubai
CUST-10832,Matthew Johnson,F,27,Bronze,2025-06-22,Muscat
CUST-10833,Joseph Williams,M,18,Bronze,2026-03-18,Sharjah
CUST-10834,Martha Smith,M,50,Platinum,2024-04-22,Muscat
CUST-10835,James Kelley,F,28,Silver,2022-12-18,Dubai
CUST-10836,Michael Mccoy,F,38,Silver,2021-11-17,Dubai
CUST-10837,Mary Nelson,F,21,Silver,2023-10-13,Abu Dhabi
CUST-10838,Ronald Garcia,F,43,Bronze,2024-06-27,Al Ain
CUST-10839,Brian Rodriguez,M,47,Gold,2021-03-29,Abu Dhabi
CUST-10840,Dennis Mills,F,23,Platinum,2021-04-05,Muscat
CUST-10841,Elizabeth Williams,F,38,Gold,2023-02-06,Dubai
CUST-10842,Timothy Rivera,F,65,Silver,2020-01-07,Sharjah
CUST-10843,Susan Conley,M,43,Bronze,2024-03-06,Abu Dhabi
CUST-10844,Brandon Hunt,M,70,Bronze,2024-07-08,Dubai
CUST-10845,David Hall,F,50,Silver,2026-03-05,Abu Dhabi
CUST-10846,John Garcia,F,39,Bronze,2021-02-02,Dubai
CUST-10847,Dylan Solis,M,70,Silver,2021-12-14,Dubai
CUST-10848,Anna Chang,F,39,Bronze,2020-04-14,Abu Dhabi
CUST-10849,Mary Jackson,F,63,Bronze,2022-03-26,Sharjah
CUST-10850,Marco Johns,F,25,Silver,2020-07-31,Dubai
CUST-10851,Catherine Morales,M,18,Silver,2026-01-04,Dubai
CUST-10852,James Jefferson,F,53,Silver,2024-12-29,Abu Dhabi
CUST-10853,Rebecca Wilson,M,20,Gold,2024-05-06,Muscat
CUST-10854,Tommy Moore,F,26,Silver,2022-08-06,Al Ain
CUST-10855,Rebekah Gregory,F,24,Bronze,2021-02-17,Dubai
CUST-10856,Ian Johnson,M,30,Bronze,2024-04-10,Dubai
CUST-10857,Valerie Anderson,F,31,Bronze,2025-09-30,Abu Dhabi
CUST-10858,Jason Williams,M,63,Silver,2021-08-19,Dubai
CUST-10859,Michael Gregory,F,20,Bronze,2024-10-16,Muscat
CUST-10860,Krystal Levine,M,67,Bronze,2024-03-07,Muscat
CUST-10861,Joseph Haynes,F,60,Bronze,2020-08-05,Abu Dhabi
CUST-10862,Danielle Reed,M,49,Bronze,2024-03-22,Dubai
CUST-10863,Ryan Grant,M,53,Bronze,2026-03-03,Doha
CUST-10864,Mason Moore,F,50,Bronze,2025-04-20,Al Ain
CUST-10865,Sheila Jones,M,62,Silver,2023-01-26,Abu Dhabi
CUST-10866,Wayne Williams,M,24,Silver,2021-05-22,Dubai
CUST-10867,Jennifer Young,F,50,Bronze,2022-11-13,Muscat
CUST-10868,Joan Gates,F,56,Gold,2022-10-16,Muscat
CUST-10869,Jonathan Valdez,M,35,Bronze,2020-08-22,Dubai
CUST-10870,Justin Smith,F,36,Bronze,2020-07-26,Abu Dhabi
CUST-10871,Lisa Torres,M,26,Gold,2023-03-05,Abu Dhabi
CUST-10872,Michael Clements,F,62,Bronze,2022-04-08,Abu Dhabi
CUST-10873,Daniel Gibson,F,63,Gold,2023-07-01,Sharjah
CUST-10874,Kara Sandoval,M,30,Bronze,2024-06-20,Dubai
CUST-10875,Peter Walker,F,61,Silver,2022-02-17,Dubai
CUST-10876,Tracey Carter,M,63,Gold,2023-04-05,Sharjah
CUST-10877,Amber Martin,M,50,Bronze,2020-11-16,Abu Dhabi
CUST-10878,Mikayla Rodriguez,F,63,Bronze,2023-10-25,Dubai
CUST-10879,Timothy Long,F,53,Silver,2022-11-08,Abu Dhabi
CUST-10880,Michelle Rodriguez,F,61,Gold,2022-08-03,Sharjah
CUST-10881,Sara Chapman,F,45,Bronze,2024-10-27,Al Ain
CUST-10882,Matthew Blanchard,M,19,Bronze,2020-11-03,Dubai
CUST-10883,Mr. Anthony Mcconnell PhD,M,60,Bronze,2023-01-06,Dubai
CUST-10884,Tammy Thompson,F,66,Bronze,2023-08-12,Al Ain
CUST-10885,Betty Hughes,F,61,Bronze,2023-10-01,Dubai
CUST-10886,Kathy Cruz,M,62,Bronze,2026-02-12,Al Ain
CUST-10887,Pamela Hill,M,66,Bronze,2026-01-06,Abu Dhabi
CUST-10888,Jodi Anderson,F,70,Gold,2022-07-30,Abu Dhabi
CUST-10889,Nicole Evans,M,65,Silver,2024-05-19,Sharjah
CUST-10890,Michelle Walls,F,33,Platinum,2023-12-13,Abu Dhabi
CUST-10891,Marcus Roberts,F,62,Silver,2022-02-26,Sharjah
CUST-10892,Vicki Santos,F,42,Bronze,2025-12-25,Abu Dhabi
CUST-10893,Melissa Morris,F,53,Bronze,2020-09-20,Dubai
CUST-10894,John Duncan,F,30,Bronze,2024-03-01,Sharjah
CUST-10895,Paul Skinner,F,32,Silver,2021-10-14,Muscat
CUST-10896,Rhonda Mills,F,66,Gold,2020-02-27,Abu Dhabi
CUST-10897,Michael Gonzalez,M,67,Gold,2024-09-07,Sharjah
CUST-10898,Dustin King,M,36,Platinum,2025-03-29,Abu Dhabi
CUST-10899,Elizabeth Molina,M,29,Gold,2020-03-14,Doha
CUST-10900,Ashley Parrish,M,42,Bronze,2024-08-13,Dubai
CUST-10901,Natalie Hoffman,F,53,Silver,2021-06-25,Dubai
CUST-10902,Rebecca Roberts,M,55,Silver,2024-02-24,Muscat
CUST-10903,Jasmine Frye,M,39,Bronze,2026-02-03,Abu Dhabi
CUST-10904,Juan Smith,M,20,Bronze,2021-07-27,Dubai
CUST-10905,Priscilla Berg,F,56,Platinum,2025-03-08,Dubai
CUST-10906,Michele Holland,F,49,Bronze,2024-09-18,Al Ain
CUST-10907,Lindsey Parsons,F,22,Gold,2026-01-08,Al Ain
CUST-10908,Christopher Fleming,F,51,Bronze,2021-03-02,Dubai
CUST-10909,Jose Bennett,M,51,Bronze,2022-09-04,Dubai
CUST-10910,Beverly Silva,M,44,Bronze,2021-08-04,Abu Dhabi
CUST-10911,Michael Moore,F,23,Gold,2020-12-16,Dubai
CUST-10912,Anthony Randolph,M,60,Gold,2023-11-05,Dubai
CUST-10913,Katherine Armstrong,F,36,Bronze,2022-03-27,Dubai
CUST-10914,Emily Robinson,F,53,Gold,2021-02-23,Al Ain
CUST-10915,Jonathan Perry,M,25,Bronze,2023-05-09,Sharjah
CUST-10916,Daniel Lewis,F,33,Silver,2022-01-27,Muscat
CUST-10917,Daniel Goodwin,M,20,Bronze,2023-04-25,Sharjah
CUST-10918,Samantha Zavala MD,F,42,Bronze,2024-03-05,Muscat
CUST-10919,Tanner Austin,M,42,Gold,2023-11-17,Dubai
CUST-10920,Melanie Flores,F,19,Bronze,2025-09-20,Muscat
CUST-10921,Janice Fernandez,F,50,Silver,2021-10-07,Al Ain
CUST-10922,Samantha Brooks,F,49,Platinum,2025-01-05,Dubai
CUST-10923,Andrew Villanueva,M,38,Bronze,2021-03-15,Abu Dhabi
CUST-10924,Tiffany Jackson,M,28,Silver,2025-12-21,Doha
CUST-10925,Adrienne Jones,M,58,Bronze,2024-03-09,Dubai
CUST-10926,Sharon Coleman,M,61,Silver,2020-08-25,Abu Dhabi
CUST-10927,Michele Cherry,M,31,Bronze,2024-11-03,Abu Dhabi
CUST-10928,Teresa Burgess,F,59,Bronze,2020-12-16,Al Ain
CUST-10929,Gary Miller,M,65,Silver,2020-05-03,Sharjah
CUST-10930,Kristin Andrews,M,47,Bronze,2021-06-03,Sharjah
CUST-10931,James Mccoy,M,23,Bronze,2022-09-14,Dubai
CUST-10932,Michael Nichols,M,68,Silver,2024-01-03,Dubai
CUST-10933,Nicole Richards,M,54,Bronze,2024-05-17,Al Ain
CUST-10934,Timothy Rodriguez,F,44,Silver,2024-11-29,Dubai
CUST-10935,Brandon Hubbard,F,45,Bronze,2022-09-25,Dubai
CUST-10936,Matthew Wells,F,61,Gold,2023-05-01,Dubai
CUST-10937,James Salinas,M,59,Bronze,2023-05-29,Sharjah
CUST-10938,Brianna Byrd,M,66,Bronze,2025-09-16,Sharjah
CUST-10939,Monica Brooks,M,62,Silver,2025-12-05,Muscat
CUST-10940,Kristen Martinez,F,50,Silver,2020-01-12,Dubai
CUST-10941,Kimberly Arroyo,F,56,Silver,2021-11-26,Dubai
CUST-10942,Stephanie Cooper,F,42,Bronze,2022-07-30,Dubai
CUST-10943,Kayla Martin,M,48,Bronze,2021-05-18,Dubai
CUST-10944,Cheyenne White,M,26,Gold,2024-12-29,Sharjah
CUST-10945,Sarah Randolph,F,58,Gold,2026-03-18,Dubai
CUST-10946,Joshua Roberts,F,18,Gold,2020-06-02,Abu Dhabi
CUST-10947,Nicholas Freeman,M,25,Silver,2022-01-24,Dubai
CUST-10948,Matthew Garcia,F,52,Silver,2023-11-14,Abu Dhabi
CUST-10949,Emily Hayes,M,37,Bronze,2023-11-06,Dubai
CUST-10950,Kevin Cunningham,F,31,Gold,2022-04-11,Abu Dhabi
CUST-10951,Jeffrey Smith,M,28,Bronze,2021-07-15,Dubai
CUST-10952,Patrick Graham,F,30,Platinum,2025-03-31,Dubai
CUST-10953,Nicholas Humphrey,M,66,Bronze,2022-11-21,Doha
CUST-10954,Eric Arnold,F,59,Silver,2021-02-04,Abu Dhabi
CUST-10955,Sarah Trevino,F,60,Silver,2020-11-15,Dubai
CUST-10956,Deborah Mercado,M,30,Gold,2020-06-23,Sharjah
CUST-10957,Albert Hunter,F,39,Silver,2020-03-12,Dubai
CUST-10958,Jennifer Lawrence,M,24,Silver,2025-08-29,Dubai
CUST-10959,Kimberly Lutz,M,30,Platinum,2022-12-12,Dubai
CUST-10960,Holly Walker,F,39,Bronze,2024-10-27,Sharjah
CUST-10961,Donna Marshall,F,62,Bronze,2023-03-10,Abu Dhabi
CUST-10962,Jonathan Bates,F,69,Bronze,2025-04-18,Dubai
CUST-10963,Lisa Martin,F,28,Bronze,2023-03-18,Dubai
CUST-10964,Christopher Fry,M,68,Bronze,2024-02-13,Dubai
CUST-10965,Nancy Webb,F,35,Bronze,2022-03-29,Muscat
CUST-10966,John Brown,M,61,Bronze,2022-04-22,Sharjah
CUST-10967,Daniel Velez,F,47,Gold,2022-04-04,Abu Dhabi
CUST-10968,Jesse Williams,F,49,Silver,2026-02-14,Abu Dhabi
CUST-10969,Michael Boyd,M,59,Bronze,2025-03-07,Sharjah
CUST-10970,Deborah Stephens,F,70,Silver,2021-01-31,Dubai
CUST-10971,Holly Valdez,M,34,Bronze,2025-03-20,Sharjah
CUST-10972,Jamie Solomon,M,64,Gold,2023-03-23,Dubai
CUST-10973,Sean Tucker,M,50,Bronze,2023-01-04,Sharjah
CUST-10974,Kathryn Taylor,F,67,Bronze,2021-01-12,Abu Dhabi
CUST-10975,Mason Lewis,M,53,Bronze,2021-03-02,Dubai
CUST-10976,Mitchell Wilson,F,59,Gold,2021-06-09,Al Ain
CUST-10977,Michelle Olson,F,43,Bronze,2022-12-28,Dubai
CUST-10978,Christopher Whitaker,F,26,Bronze,2020-02-21,Abu Dhabi
CUST-10979,Kenneth Martin,M,43,Bronze,2023-12-06,Dubai
CUST-10980,Kenneth Brown,M,60,Silver,2021-08-12,Dubai
CUST-10981,Tyler Greene,M,66,Bronze,2023-07-09,Abu Dhabi
CUST-10982,Nathan Stanley,F,28,Bronze,2021-10-08,Dubai
CUST-10983,Jerry Haney,M,65,Bronze,2025-06-01,Sharjah
CUST-10984,Ronald Burke,F,20,Gold,2024-12-17,Dubai
CUST-10985,Catherine Keller,F,32,Bronze,2021-08-26,Dubai
CUST-10986,Grace Chavez,F,32,Bronze,2023-09-09,Dubai
CUST-10987,James Rodriguez,M,51,Platinum,2021-04-06,Muscat
CUST-10988,Kathy Barnes,F,42,Gold,2020-12-07,Abu Dhabi
CUST-10989,John Mendez,F,20,Gold,2020-03-30,Dubai
CUST-10990,Kathy Wilson,F,24,Bronze,2023-01-04,Sharjah
CUST-10991,Larry Carey,F,65,Silver,2025-08-07,Dubai
CUST-10992,Marie Boyd,M,42,Platinum,2022-04-24,Sharjah
CUST-10993,Joseph Perez,F,55,Silver,2025-01-04,Sharjah
CUST-10994,Jane Chapman,M,51,Gold,2024-08-18,Dubai
CUST-10995,Melissa Davis,M,51,Silver,2020-11-01,Abu Dhabi
CUST-10996,David Trevino,F,49,Gold,2021-10-08,Al Ain
CUST-10997,Jennifer Lopez,M,50,Bronze,2024-06-05,Muscat
CUST-10998,Laura Wilson,F,28,Gold,2020-01-17,Dubai
CUST-10999,Melissa Stewart,F,31,Bronze,2022-04-06,Dubai
CUST-11000,Matthew King,M,41,Bronze,2025-05-04,Sharjah
CUST-11001,Jacob Hill,M,60,Gold,2024-04-01,Dubai
CUST-11002,Jennifer Bowers,F,64,Bronze,2023-01-05,Dubai
CUST-11003,Justin King,F,48,Silver,2021-11-30,Dubai
CUST-11004,Michael Fitzgerald,M,59,Bronze,2025-05-04,Muscat
CUST-11005,Nicole Griffin,M,33,Bronze,2024-05-14,Dubai
CUST-11006,Daniel Morales,M,26,Silver,2022-02-10,Sharjah
CUST-11007,Melissa Mann,M,54,Bronze,2021-01-01,Dubai
CUST-11008,Abigail Davis,M,34,Bronze,2020-11-27,Muscat
CUST-11009,Jessica Brown,F,56,Silver,2021-05-20,Doha
CUST-11010,Andrew Cruz,M,64,Bronze,2026-02-23,Sharjah
CUST-11011,Kelly Dawson,F,23,Bronze,2023-09-24,Dubai
CUST-11012,Samantha Bowman,F,48,Gold,2022-09-28,Dubai
CUST-11013,Matthew Lara,F,56,Bronze,2021-10-14,Dubai
CUST-11014,Kyle Black,M,57,Silver,2021-06-12,Sharjah
CUST-11015,Andrew Allen,F,28,Bronze,2020-01-01,Sharjah
CUST-11016,Zachary Chan,F,47,Bronze,2022-03-16,Abu Dhabi
CUST-11017,Kevin Holmes,M,32,Silver,2024-08-07,Dubai
CUST-11018,Brandon Mitchell,M,24,Bronze,2025-03-07,Dubai
CUST-11019,Hannah Richmond,F,70,Gold,2021-09-22,Dubai
CUST-11020,Cheyenne Spears,M,29,Bronze,2023-08-04,Abu Dhabi
CUST-11021,Jason Rodriguez,M,68,Gold,2020-06-14,Abu Dhabi
CUST-11022,Travis Pratt,M,23,Silver,2025-12-22,Abu Dhabi
CUST-11023,Robin Andrews,M,56,Bronze,2024-05-02,Abu Dhabi
CUST-11024,Kristine Carrillo,M,67,Silver,2024-09-23,Sharjah
CUST-11025,Judy Murray,F,51,Bronze,2023-08-31,Abu Dhabi
CUST-11026,Brian Jones,M,62,Bronze,2023-12-16,Abu Dhabi
CUST-11027,Megan Hall MD,M,69,Silver,2025-12-19,Abu Dhabi
CUST-11028,Alexandra Collier,F,40,Bronze,2021-07-20,Abu Dhabi
CUST-11029,Michael Nicholson,M,45,Bronze,2020-06-22,Dubai
CUST-11030,Karen Gomez,F,67,Bronze,2025-08-01,Dubai
CUST-11031,Travis Vega,M,36,Bronze,2025-09-06,Abu Dhabi
CUST-11032,Mr. Nicolas Salas II,F,34,Silver,2021-04-07,Dubai
CUST-11033,Luke Moore,M,54,Bronze,2020-08-31,Abu Dhabi
CUST-11034,Megan Alvarado,M,42,Bronze,2023-11-01,Sharjah
CUST-11035,Kimberly Williams,F,44,Silver,2023-01-05,Dubai
CUST-11036,Katherine Galloway,M,45,Silver,2025-08-08,Sharjah
CUST-11037,Katherine Joyce,F,34,Bronze,2025-09-20,Muscat
CUST-11038,Daniel Ray,F,54,Silver,2020-05-03,Dubai
CUST-11039,Karen Fernandez,F,61,Silver,2023-02-20,Dubai
CUST-11040,Michael Thompson,M,44,Gold,2026-02-05,Abu Dhabi
CUST-11041,Julia Norris,F,29,Platinum,2020-01-27,Dubai
CUST-11042,Kevin Nguyen,F,34,Bronze,2023-10-29,Doha
CUST-11043,Joshua Young,F,67,Bronze,2022-12-11,Sharjah
CUST-11044,Holly Jimenez,M,60,Bronze,2021-04-25,Dubai
CUST-11045,Jacqueline Dickerson,M,46,Silver,2021-09-29,Al Ain
CUST-11046,Carlos Johnston,M,24,Bronze,2021-06-05,Dubai
CUST-11047,Devin Young,F,68,Bronze,2022-09-12,Dubai
CUST-11048,Charles Haley,M,28,Silver,2020-12-07,Dubai
CUST-11049,Cassandra Porter,M,69,Gold,2026-03-20,Dubai
CUST-11050,Kelly Le,M,48,Silver,2024-11-26,Muscat
CUST-11051,Justin Bradley,F,23,Platinum,2022-06-27,Dubai
CUST-11052,Amy Cervantes,M,41,Silver,2022-12-22,Dubai
CUST-11053,Joanna Cook,M,64,Silver,2022-04-03,Dubai
CUST-11054,Tara Scott,F,57,Silver,2020-02-15,Sharjah
CUST-11055,Sean Mccarty,F,63,Silver,2021-03-29,Doha
CUST-11056,Mariah Thompson,M,67,Silver,2024-11-14,Al Ain
CUST-11057,Michael Freeman,F,46,Silver,2024-08-07,Dubai
CUST-11058,Jane Mitchell,F,30,Bronze,2023-12-11,Dubai
CUST-11059,Christopher Morton,M,57,Bronze,2022-02-08,Dubai
CUST-11060,Laura Sweeney,M,41,Silver,2020-06-11,Dubai
CUST-11061,Darren Stewart,M,28,Bronze,2021-10-26,Dubai
CUST-11062,Matthew Nelson,F,67,Platinum,2022-10-11,Dubai
CUST-11063,Heidi Matthews,F,43,Bronze,2026-01-11,Abu Dhabi
CUST-11064,Clinton Johnson,M,65,Bronze,2024-07-18,Sharjah
CUST-11065,Teresa Haynes,M,53,Bronze,2020-07-01,Dubai
CUST-11066,Brian Brown,F,40,Bronze,2025-06-27,Doha
CUST-11067,Allison Sanders,F,32,Bronze,2024-10-10,Sharjah
CUST-11068,Dennis Moore,M,47,Bronze,2024-02-02,Muscat
CUST-11069,Ellen Wright,M,34,Gold,2021-10-10,Dubai
CUST-11070,Bonnie Roberson,M,53,Silver,2020-03-06,Dubai
CUST-11071,Shannon Nguyen,F,39,Silver,2022-12-22,Doha
CUST-11072,Kimberly Nelson,F,52,Silver,2022-10-11,Al Ain
CUST-11073,Melissa Thompson,F,62,Bronze,2023-09-25,Abu Dhabi
CUST-11074,Madison Elliott,F,54,Bronze,2023-04-09,Abu Dhabi
CUST-11075,Emily Reed,M,66,Bronze,2023-05-15,Dubai
CUST-11076,Jessica Diaz,F,61,Silver,2021-08-15,Abu Dhabi
CUST-11077,Aaron Ochoa,M,48,Bronze,2025-04-18,Dubai
CUST-11078,John Smith,M,42,Bronze,2025-10-04,Sharjah
CUST-11079,Karen Smith,M,61,Bronze,2022-09-08,Sharjah
CUST-11080,David Smith,F,44,Silver,2022-05-02,Doha
CUST-11081,Justin Foster,M,62,Bronze,2021-01-07,Muscat
CUST-11082,Jean Gray,M,36,Silver,2021-08-22,Dubai
CUST-11083,David Duran,F,22,Bronze,2025-09-06,Abu Dhabi
CUST-11084,Melinda Mitchell,M,48,Gold,2024-08-21,Dubai
CUST-11085,Jennifer Castaneda,M,54,Bronze,2021-02-20,Dubai
CUST-11086,Mark Williamson,M,49,Bronze,2021-09-12,Sharjah
CUST-11087,Chelsea Smith,M,65,Platinum,2020-04-23,Dubai
CUST-11088,Charlene Garcia,F,31,Silver,2021-09-06,Dubai
CUST-11089,Monica Hall,M,57,Bronze,2020-12-09,Dubai
CUST-11090,Glenn Collins DDS,M,25,Gold,2026-03-26,Muscat
CUST-11091,Rick Rivera,F,57,Bronze,2025-04-08,Dubai
CUST-11092,Amy Rowe,M,48,Bronze,2020-06-11,Dubai
CUST-11093,Corey Skinner,F,49,Bronze,2025-02-07,Muscat
CUST-11094,Barbara Tate,F,49,Silver,2021-07-21,Dubai
CUST-11095,Jessica Rojas,F,43,Gold,2020-03-17,Dubai
CUST-11096,Ray Boyd,M,21,Gold,2026-02-18,Abu Dhabi
CUST-11097,Michael Collins,F,48,Silver,2022-01-06,Doha
CUST-11098,Amanda Pineda,M,50,Gold,2023-04-03,Dubai
CUST-11099,Mark Gonzalez,M,47,Silver,2025-07-17,Doha
CUST-11100,Claudia Rodriguez,F,38,Gold,2023-12-14,Sharjah
CUST-11101,Christopher Hill,M,61,Silver,2020-09-29,Dubai
CUST-11102,Alexa Williams,M,38,Bronze,2024-11-22,Dubai
CUST-11103,Kyle Watson,F,29,Bronze,2020-07-23,Abu Dhabi
CUST-11104,Brandon Montgomery,M,35,Silver,2025-10-24,Abu Dhabi
CUST-11105,Lori Brown DDS,F,41,Platinum,2024-05-18,Dubai
CUST-11106,Beth Hall,F,31,Bronze,2026-02-17,Abu Dhabi
CUST-11107,Nicole Trujillo,F,41,Silver,2022-09-27,Muscat
CUST-11108,Michael Howard,F,46,Silver,2020-11-03,Dubai
CUST-11109,Karina Kim,M,54,Bronze,2021-11-03,Sharjah
CUST-11110,Cheryl Lopez,M,64,Silver,2022-03-04,Dubai
CUST-11111,Denise Guerra,M,53,Bronze,2025-09-16,Abu Dhabi
CUST-11112,Andrea Moore,F,30,Silver,2021-11-05,Dubai
CUST-11113,Jacob Smith,M,48,Bronze,2023-12-26,Al Ain
CUST-11114,Cody Smith,M,44,Silver,2025-05-08,Abu Dhabi
CUST-11115,Cynthia Le,F,68,Gold,2024-02-10,Abu Dhabi
CUST-11116,Jasmine Warren,F,53,Bronze,2023-02-08,Muscat
CUST-11117,Lisa Morris,M,43,Gold,2024-01-01,Dubai
CUST-11118,Joseph Jones,M,21,Bronze,2025-03-20,Dubai
CUST-11119,Shane Harris,F,48,Bronze,2023-01-12,Muscat
CUST-11120,Kenneth Huff,M,46,Platinum,2024-02-09,Sharjah
CUST-11121,Meredith Scott,F,41,Bronze,2022-04-15,Dubai
CUST-11122,Andrea Conrad,F,40,Bronze,2021-04-21,Dubai
CUST-11123,Steve Miller PhD,M,40,Platinum,2020-05-18,Muscat
CUST-11124,Teresa Perry,M,54,Gold,2022-04-21,Abu Dhabi
CUST-11125,Samantha Baker,M,67,Bronze,2020-04-02,Dubai
CUST-11126,Eric Blackburn,F,61,Silver,2025-12-31,Abu Dhabi
CUST-11127,Neil Schmidt,F,23,Bronze,2021-03-08,Dubai
CUST-11128,Danielle Garrett,F,47,Gold,2021-02-12,Sharjah
CUST-11129,Jennifer Garcia,M,28,Bronze,2023-12-27,Sharjah
CUST-11130,Jimmy Ortega,F,44,Platinum,2025-07-06,Sharjah
CUST-11131,Christopher Morales,F,22,Bronze,2022-02-08,Dubai
CUST-11132,Zachary Ramos,F,32,Bronze,2022-03-14,Dubai
CUST-11133,William Nguyen,F,63,Silver,2022-04-27,Dubai
CUST-11134,Jessica Swanson,F,35,Bronze,2023-10-19,Muscat
CUST-11135,Cindy Cannon,F,65,Silver,2025-10-13,Abu Dhabi
CUST-11136,Tyrone West,F,44,Bronze,2022-06-24,Dubai
CUST-11137,Victoria Larson,M,26,Silver,2023-03-26,Sharjah
CUST-11138,Elizabeth Evans MD,F,65,Silver,2025-05-05,Sharjah
CUST-11139,Rodney Norris,M,31,Bronze,2021-09-21,Dubai
CUST-11140,Kristie Howe,M,24,Silver,2020-12-18,Dubai
CUST-11141,Henry Taylor,F,53,Silver,2022-04-17,Dubai
CUST-11142,Crystal Shepherd,F,51,Bronze,2020-07-28,Al Ain
CUST-11143,Thomas Navarro,M,24,Silver,2024-07-08,Dubai
CUST-11144,Carrie Petersen,M,23,Bronze,2024-04-21,Sharjah
CUST-11145,Susan Larson,F,37,Silver,2021-11-16,Dubai
CUST-11146,Laura Miller,F,46,Bronze,2020-05-07,Sharjah
CUST-11147,Hannah Montoya,M,51,Gold,2022-08-08,Muscat
CUST-11148,Sheila Perez,M,20,Bronze,2024-01-28,Sharjah
CUST-11149,Alexandra Waters,F,48,Gold,2022-05-22,Abu Dhabi
CUST-11150,Andrew Fernandez,F,53,Bronze,2020-12-07,Abu Dhabi
CUST-11151,Connie Williams,M,55,Bronze,2024-07-26,Abu Dhabi
CUST-11152,Jeremy Larson,F,51,Platinum,2023-02-25,Sharjah
CUST-11153,Dylan Foster,F,40,Bronze,2020-10-28,Abu Dhabi
CUST-11154,Kenneth Williams,M,69,Bronze,2022-06-29,Dubai
CUST-11155,Jonathan Ayala,F,41,Bronze,2020-10-24,Abu Dhabi
CUST-11156,Justin Freeman,M,37,Silver,2024-01-27,Dubai
CUST-11157,Luis Fitzgerald,M,40,Bronze,2021-07-15,Dubai
CUST-11158,Ricardo Morris,M,62,Silver,2025-10-08,Muscat
CUST-11159,Michael Henderson,F,37,Bronze,2022-03-05,Dubai
CUST-11160,Kirk Johnson,F,69,Platinum,2021-11-26,Dubai
CUST-11161,Lisa Branch MD,M,68,Bronze,2020-11-28,Dubai
CUST-11162,Robert Gonzalez,F,30,Bronze,2022-05-02,Abu Dhabi
CUST-11163,Sarah Rodriguez,F,43,Silver,2020-05-04,Dubai
CUST-11164,Tammy Melton,F,42,Silver,2025-02-13,Dubai
CUST-11165,Michael Rodriguez,M,45,Bronze,2022-10-23,Sharjah
CUST-11166,Daniel Medina,F,36,Silver,2021-04-09,Sharjah
CUST-11167,Deanna Webb,F,44,Bronze,2024-07-22,Dubai
CUST-11168,Michael Smith,M,29,Bronze,2023-08-22,Dubai
CUST-11169,Amanda Jackson,M,58,Bronze,2021-10-09,Abu Dhabi
CUST-11170,Lisa Brown,F,35,Bronze,2024-02-02,Sharjah
CUST-11171,James Nelson,F,30,Silver,2025-04-27,Dubai
CUST-11172,Sharon Smith,M,21,Silver,2025-06-01,Doha
CUST-11173,Crystal James,M,29,Platinum,2026-02-05,Doha
CUST-11174,Ethan Delacruz,F,35,Bronze,2023-04-27,Dubai
CUST-11175,Jonathan Ellis,F,64,Bronze,2025-10-14,Dubai
CUST-11176,David Moreno,M,27,Platinum,2022-01-30,Dubai
CUST-11177,Christopher Reed,M,39,Bronze,2022-03-13,Abu Dhabi
CUST-11178,Cynthia Good,F,41,Bronze,2023-02-17,Abu Dhabi
CUST-11179,Lori Johns,M,39,Silver,2025-07-24,Dubai
CUST-11180,Alyssa Peters,M,21,Gold,2021-10-01,Dubai
CUST-11181,Steven Sandoval,F,22,Bronze,2020-07-19,Abu Dhabi
CUST-11182,Tyler Salazar,M,30,Bronze,2023-11-27,Muscat
CUST-11183,David Hernandez,F,70,Bronze,2026-01-22,Dubai
CUST-11184,Erin Daniels,M,25,Silver,2021-04-16,Doha
CUST-11185,Joshua Mcbride,M,42,Bronze,2025-05-21,Al Ain
CUST-11186,Michael Mills,F,33,Bronze,2020-11-04,Sharjah
CUST-11187,Vanessa Thomas DVM,M,30,Gold,2025-09-22,Abu Dhabi
CUST-11188,Justin Fry,M,51,Silver,2020-09-27,Sharjah
CUST-11189,Shawn Acosta,M,48,Silver,2024-10-11,Dubai
CUST-11190,Jennifer Jenkins,F,38,Bronze,2022-10-07,Dubai
CUST-11191,Stephanie Mahoney,M,65,Silver,2021-09-16,Doha
CUST-11192,Ashley Lopez,M,34,Silver,2024-10-05,Abu Dhabi
CUST-11193,Debra Bradley,F,30,Gold,2021-06-10,Dubai
CUST-11194,Michael Howard,M,60,Gold,2024-04-18,Dubai
CUST-11195,Jonathan Jacobs,M,33,Bronze,2024-06-12,Sharjah
CUST-11196,Samuel Henry,F,18,Silver,2020-11-09,Dubai
CUST-11197,Andrew Duran,F,55,Silver,2020-02-04,Dubai
CUST-11198,Jason Newton,M,18,Silver,2026-03-04,Doha
CUST-11199,Andrea Ho,F,62,Silver,2026-02-26,Abu Dhabi
CUST-11200,Katherine Nguyen,F,67,Silver,2022-11-09,Dubai
CUST-11201,Jared Williams,M,49,Gold,2024-08-04,Dubai
CUST-11202,Erik Carr,F,66,Bronze,2024-08-20,Sharjah
CUST-11203,Kelly Liu,M,40,Silver,2024-11-29,Sharjah
CUST-11204,Jocelyn Wilcox,M,26,Silver,2020-04-06,Abu Dhabi
CUST-11205,Kelly Foster PhD,F,53,Bronze,2023-06-26,Al Ain
CUST-11206,Lydia Williams,F,69,Bronze,2021-10-26,Muscat
CUST-11207,Eric Carey,M,19,Silver,2022-11-18,Sharjah
CUST-11208,Louis Brown,F,64,Silver,2023-03-25,Dubai
CUST-11209,Ronald Hayes,M,49,Silver,2024-07-06,Sharjah
CUST-11210,Richard Pace,F,52,Bronze,2024-05-06,Sharjah
CUST-11211,Jason Hayes,M,54,Bronze,2021-02-12,Dubai
CUST-11212,Michelle Harris,F,38,Silver,2022-11-03,Sharjah
CUST-11213,Michael Meadows,F,56,Bronze,2024-12-21,Muscat
CUST-11214,Becky Wilson,M,22,Bronze,2022-10-22,Abu Dhabi
CUST-11215,Joseph Cruz,F,36,Bronze,2024-12-09,Al Ain
CUST-11216,Tiffany Gray,F,47,Bronze,2022-05-18,Dubai
CUST-11217,Susan Cunningham,F,64,Bronze,2024-02-13,Dubai
CUST-11218,Sean White,M,57,Silver,2024-06-12,Muscat
CUST-11219,Eric Mack,M,38,Bronze,2022-10-14,Sharjah
CUST-11220,Autumn Anderson,F,30,Bronze,2021-04-07,Abu Dhabi
CUST-11221,Dawn Ellis,F,67,Bronze,2025-05-05,Abu Dhabi
CUST-11222,Abigail Andrade,F,38,Bronze,2021-06-26,Abu Dhabi
CUST-11223,Karen Ortiz,F,25,Gold,2020-06-30,Dubai
CUST-11224,Dana Kelley,M,20,Bronze,2023-11-14,Muscat
CUST-11225,Samantha Williams,M,29,Gold,2020-12-04,Muscat
CUST-11226,Amanda Nash,M,24,Silver,2024-03-01,Abu Dhabi
CUST-11227,Elizabeth Knapp,M,20,Bronze,2020-04-21,Abu Dhabi
CUST-11228,Christopher Powers,F,60,Bronze,2023-10-25,Abu Dhabi
CUST-11229,Linda Cobb,F,21,Bronze,2021-02-08,Dubai
CUST-11230,Kent Huynh,M,18,Bronze,2020-07-31,Doha
CUST-11231,Jacob Gray,M,59,Silver,2020-06-03,Abu Dhabi
CUST-11232,Joshua Carter,M,47,Silver,2020-11-02,Al Ain
CUST-11233,Denise Rose,M,41,Bronze,2023-04-11,Abu Dhabi
CUST-11234,Lisa Rodriguez,F,70,Gold,2024-07-22,Dubai
CUST-11235,Victoria Webb,M,70,Platinum,2024-04-19,Sharjah
CUST-11236,Victoria Mitchell,M,64,Silver,2023-10-20,Dubai
CUST-11237,Joseph Carney,F,22,Silver,2022-03-18,Doha
CUST-11238,Justin Stone,M,24,Bronze,2023-12-12,Sharjah
CUST-11239,Christopher Lynch DDS,F,30,Bronze,2026-02-11,Dubai
CUST-11240,Alexander Garrett,M,54,Bronze,2020-09-25,Sharjah
CUST-11241,Rebecca Duarte,M,53,Silver,2022-08-02,Sharjah
CUST-11242,Justin Walsh,F,65,Bronze,2020-01-26,Dubai
CUST-11243,Douglas Tyler,F,61,Bronze,2021-12-03,Abu Dhabi
CUST-11244,Erica Smith,F,24,Bronze,2024-04-13,Dubai
CUST-11245,Nathaniel Gilbert,M,53,Gold,2020-03-07,Abu Dhabi
CUST-11246,Gary Morgan,F,60,Bronze,2024-03-13,Dubai
CUST-11247,Rebecca Brewer,F,40,Silver,2023-01-03,Muscat
CUST-11248,Stephanie Herrera,F,41,Gold,2022-02-03,Abu Dhabi
CUST-11249,Jennifer Newton,F,70,Bronze,2025-03-19,Sharjah
CUST-11250,Nathaniel Stewart,M,54,Silver,2023-05-07,Abu Dhabi
CUST-11251,Michael Marsh,F,67,Silver,2025-07-18,Abu Dhabi
CUST-11252,Wayne Ramirez,F,41,Silver,2020-03-12,Doha
CUST-11253,Miss Sarah Duncan,F,43,Silver,2022-06-07,Dubai
CUST-11254,Sharon Walton,M,36,Bronze,2024-05-27,Abu Dhabi
CUST-11255,Andres Gutierrez,M,37,Gold,2023-02-07,Dubai
CUST-11256,Jesse Sampson,M,31,Silver,2021-05-08,Muscat
CUST-11257,Brian Glover,M,67,Bronze,2024-11-09,Al Ain
CUST-11258,Jill Johnson,F,53,Silver,2023-01-05,Abu Dhabi
CUST-11259,Cheryl Mclean,M,24,Gold,2024-07-28,Dubai
CUST-11260,Patricia Thomas,F,27,Silver,2025-06-11,Dubai
CUST-11261,Teresa Rhodes,F,55,Bronze,2020-10-29,Dubai
CUST-11262,Julia Reeves,F,69,Bronze,2023-04-06,Dubai
CUST-11263,Timothy Mcdaniel,F,54,Silver,2023-09-17,Muscat
CUST-11264,John Williams,M,64,Bronze,2023-04-02,Dubai
CUST-11265,Emily Lane,F,29,Bronze,2021-12-12,Abu Dhabi
CUST-11266,Erica Lee,M,56,Bronze,2021-09-23,Sharjah
CUST-11267,Jeremy Wilson,M,64,Silver,2020-12-06,Al Ain
CUST-11268,Adrian Dean,F,23,Bronze,2023-03-18,Al Ain
CUST-11269,Gregory Flores,F,40,Bronze,2020-11-18,Muscat
CUST-11270,Diane Sanchez,F,44,Bronze,2020-06-11,Doha
CUST-11271,Gina Wallace,M,67,Bronze,2020-10-23,Dubai
CUST-11272,Michael Rodriguez,M,58,Silver,2020-05-02,Al Ain
CUST-11273,Christopher Carlson,F,21,Silver,2023-09-14,Dubai
CUST-11274,Melissa Jensen,M,38,Platinum,2021-12-13,Abu Dhabi
CUST-11275,Michelle Lambert,M,38,Bronze,2023-05-01,Abu Dhabi
CUST-11276,Nicole Owens,M,27,Bronze,2020-10-27,Dubai
CUST-11277,Tamara Mcdonald,F,46,Silver,2022-11-05,Al Ain
CUST-11278,Michelle Marshall,M,32,Bronze,2021-06-12,Abu Dhabi
CUST-11279,Scott Jensen,F,27,Bronze,2025-09-13,Dubai
CUST-11280,Michael Ortega,M,48,Silver,2024-12-04,Abu Dhabi
CUST-11281,Jody Johnson,M,53,Bronze,2022-12-20,Dubai
CUST-11282,Joel Jackson,M,43,Bronze,2024-10-17,Abu Dhabi
CUST-11283,Bethany Garcia,M,66,Silver,2025-02-07,Dubai
CUST-11284,Erika Banks,M,49,Gold,2024-12-12,Dubai
CUST-11285,Jennifer Gutierrez,M,53,Bronze,2023-11-17,Sharjah
CUST-11286,Valerie Reyes,M,33,Silver,2022-02-16,Dubai
CUST-11287,Leslie Mueller,F,38,Bronze,2022-09-20,Sharjah
CUST-11288,Kimberly Young,M,25,Silver,2024-02-20,Sharjah
CUST-11289,Timothy Andrews,F,41,Bronze,2023-01-15,Dubai
CUST-11290,Julie Peters,F,40,Silver,2025-02-18,Abu Dhabi
CUST-11291,Tyler Jones,M,67,Bronze,2020-09-05,Dubai
CUST-11292,Patricia Gray,F,57,Silver,2023-02-01,Al Ain
CUST-11293,Ann Montoya,F,57,Gold,2025-07-16,Dubai
CUST-11294,Makayla Smith,M,70,Bronze,2020-11-30,Dubai
CUST-11295,Joseph Price,F,27,Bronze,2023-08-11,Al Ain
CUST-11296,Michael Stewart,M,25,Silver,2023-07-24,Sharjah
CUST-11297,Elizabeth Harding,M,57,Gold,2022-09-18,Muscat
CUST-11298,Mrs. Ann Smith,F,18,Bronze,2026-02-28,Dubai
CUST-11299,Cameron Phillips,M,37,Silver,2022-04-22,Abu Dhabi
CUST-11300,Amy Warner,M,39,Silver,2025-02-15,Dubai
CUST-11301,Scott Glenn,M,31,Bronze,2021-06-20,Abu Dhabi
CUST-11302,Jennifer Flores,F,53,Bronze,2022-05-23,Abu Dhabi
CUST-11303,Joshua Bates,M,62,Platinum,2022-12-19,Sharjah
CUST-11304,James Middleton,M,42,Bronze,2025-03-30,Abu Dhabi
CUST-11305,Zachary Santiago,M,34,Bronze,2020-11-02,Dubai
CUST-11306,Alan Griffith,F,30,Silver,2023-01-15,Al Ain
CUST-11307,William Miller,F,21,Silver,2024-01-04,Abu Dhabi
CUST-11308,Jesus Mccormick,M,22,Bronze,2023-10-10,Dubai
CUST-11309,Christopher Hicks,F,60,Bronze,2023-06-13,Muscat
CUST-11310,Henry Lopez,F,24,Bronze,2023-10-11,Dubai
CUST-11311,Sarah Young,F,32,Bronze,2023-02-18,Doha
CUST-11312,Joshua Richardson,M,38,Bronze,2026-02-09,Abu Dhabi
CUST-11313,Michele Wilson,M,29,Bronze,2023-01-03,Dubai
CUST-11314,Brenda Simon,F,53,Bronze,2026-02-21,Muscat
CUST-11315,Dr. Julie Miller,M,20,Silver,2025-07-22,Dubai
CUST-11316,John Harmon,F,39,Bronze,2025-12-30,Abu Dhabi
CUST-11317,Mark Yates,M,19,Bronze,2021-12-13,Dubai
CUST-11318,Greg Osborne,F,40,Gold,2022-12-05,Sharjah
CUST-11319,Julie Gross,M,50,Gold,2022-08-18,Dubai
CUST-11320,Rebecca Roberts,M,58,Bronze,2020-03-21,Dubai
CUST-11321,Nicole Acosta,F,70,Bronze,2023-07-09,Doha
CUST-11322,John Jackson,F,32,Silver,2020-04-27,Dubai
CUST-11323,Rhonda Weber MD,F,60,Bronze,2020-07-07,Dubai
CUST-11324,Sarah Ramirez,F,51,Bronze,2020-10-29,Doha
CUST-11325,Scott Smith,M,44,Platinum,2020-09-11,Dubai
CUST-11326,Kevin Hernandez,M,45,Silver,2022-10-15,Doha
CUST-11327,Debbie Haynes,F,46,Bronze,2023-01-11,Abu Dhabi
CUST-11328,Shannon Cooper,M,59,Bronze,2020-07-11,Dubai
CUST-11329,Timothy Moore,M,26,Bronze,2023-02-05,Dubai
CUST-11330,Patricia Young MD,M,45,Bronze,2023-12-25,Doha
CUST-11331,Nicholas Reed,M,59,Silver,2024-01-04,Doha
CUST-11332,Audrey Jackson,M,38,Silver,2022-06-28,Dubai
CUST-11333,Paul Goodwin,M,29,Gold,2023-04-29,Dubai
CUST-11334,Michael Wells,M,64,Silver,2020-11-27,Dubai
CUST-11335,Alexandra Ho,F,44,Silver,2022-10-20,Doha
CUST-11336,Tonya Vega,F,46,Bronze,2020-04-03,Sharjah
CUST-11337,Marcia Blanchard,F,27,Silver,2022-09-11,Al Ain
CUST-11338,Shannon Rogers,M,26,Platinum,2021-09-01,Dubai
CUST-11339,Matthew Myers,F,56,Silver,2024-10-29,Abu Dhabi
CUST-11340,Morgan Chapman,M,56,Silver,2021-03-20,Dubai
CUST-11341,Michael White,M,40,Silver,2023-06-03,Dubai
CUST-11342,Sandra Smith,F,26,Silver,2020-08-10,Abu Dhabi
CUST-11343,Jeremy Robinson,F,63,Bronze,2021-10-08,Sharjah
CUST-11344,Alexander Davis,M,42,Silver,2025-11-10,Abu Dhabi
CUST-11345,Sara Sampson,M,28,Silver,2023-12-26,Dubai
CUST-11346,Barbara Gates,M,44,Bronze,2020-10-23,Al Ain
CUST-11347,Stephanie Knight,M,35,Gold,2026-01-15,Doha
CUST-11348,Melissa King,M,65,Bronze,2022-12-01,Sharjah
CUST-11349,Margaret Livingston,M,66,Gold,2021-09-22,Dubai
CUST-11350,Steven Carrillo,M,46,Silver,2022-01-07,Muscat
CUST-11351,Benjamin Waters,F,62,Silver,2022-05-23,Dubai
CUST-11352,Anthony Sosa,F,33,Silver,2021-08-26,Abu Dhabi
CUST-11353,John Mcfarland,M,56,Bronze,2023-10-24,Sharjah
CUST-11354,Johnathan Thomas,F,64,Silver,2024-10-19,Dubai
CUST-11355,Mason Gaines,M,51,Silver,2024-06-19,Dubai
CUST-11356,Benjamin Duncan,F,70,Platinum,2021-07-25,Muscat
CUST-11357,Steven Hernandez,M,51,Bronze,2023-12-31,Abu Dhabi
CUST-11358,Mary Adams,M,53,Silver,2024-05-15,Dubai
CUST-11359,Laura Robertson,M,30,Silver,2025-11-13,Dubai
CUST-11360,Jeffrey Anthony DDS,F,37,Silver,2024-11-26,Al Ain
CUST-11361,April Finley,F,47,Silver,2025-02-08,Dubai
CUST-11362,Mr. Timothy Howard,F,57,Bronze,2024-04-04,Muscat
CUST-11363,Mark Benjamin,M,47,Bronze,2020-07-25,Al Ain
CUST-11364,Tonya Miller,F,23,Bronze,2022-11-14,Sharjah
CUST-11365,Maria Thompson,M,29,Silver,2020-03-30,Al Ain
CUST-11366,Connor Dominguez,M,43,Gold,2025-08-06,Abu Dhabi
CUST-11367,Heather Miller,F,19,Bronze,2023-12-14,Dubai
CUST-11368,Brenda Lee,M,47,Silver,2024-06-29,Dubai
CUST-11369,Katherine Brown,F,62,Silver,2023-05-17,Sharjah
CUST-11370,Joseph Flowers,M,63,Silver,2022-10-21,Sharjah
CUST-11371,Amanda Brown PhD,M,25,Bronze,2020-04-07,Sharjah
CUST-11372,Robert Contreras,F,23,Silver,2022-11-11,Abu Dhabi
CUST-11373,Shelly Hernandez,F,64,Silver,2023-08-14,Al Ain
CUST-11374,Amanda Thomas,M,42,Gold,2024-01-31,Abu Dhabi
CUST-11375,Thomas Williams,M,67,Gold,2024-05-18,Dubai
CUST-11376,Christopher Williams,F,54,Bronze,2021-12-02,Muscat
CUST-11377,Joy Jackson,M,28,Silver,2023-09-10,Muscat
CUST-11378,Ashley Crawford,M,67,Bronze,2024-12-27,Sharjah
CUST-11379,Robert Simmons,F,37,Bronze,2025-01-25,Dubai
CUST-11380,Miss Erika Daugherty,F,36,Bronze,2023-08-06,Sharjah
CUST-11381,Russell Mcguire,M,26,Platinum,2024-10-09,Doha
CUST-11382,Gabriela Martinez,M,57,Bronze,2020-11-18,Al Ain
CUST-11383,Michael Tran,M,47,Silver,2022-09-27,Abu Dhabi
CUST-11384,Amanda Garcia,F,52,Gold,2025-04-16,Al Ain
CUST-11385,Paula Smith,F,33,Gold,2023-01-15,Dubai
CUST-11386,Christopher Davis,F,47,Bronze,2024-01-26,Abu Dhabi
CUST-11387,Jennifer Aguirre,M,56,Bronze,2024-10-28,Sharjah
CUST-11388,Christine Bowman,M,53,Bronze,2023-04-08,Dubai
CUST-11389,Todd Bishop,M,21,Bronze,2020-03-26,Dubai
CUST-11390,Jonathan Clements,M,59,Bronze,2023-12-01,Dubai
CUST-11391,Hannah Smith,M,20,Silver,2021-06-21,Sharjah
CUST-11392,Joseph Davis,F,39,Silver,2022-04-05,Muscat
CUST-11393,Kimberly Robinson,M,24,Bronze,2024-10-23,Abu Dhabi
CUST-11394,Destiny Lee,M,28,Gold,2024-12-22,Sharjah
CUST-11395,Tracy Wells,M,47,Silver,2021-02-06,Sharjah
CUST-11396,Amanda Newman,F,20,Platinum,2021-10-12,Dubai
CUST-11397,Geoffrey Trujillo,F,38,Gold,2024-09-25,Dubai
CUST-11398,Patrick Buckley,F,70,Silver,2021-02-05,Dubai
CUST-11399,Karina Wilson,F,53,Bronze,2025-08-03,Dubai
CUST-11400,Leslie Nguyen,F,26,Bronze,2021-03-29,Dubai
CUST-11401,Erika Maxwell,F,39,Gold,2022-01-13,Abu Dhabi
CUST-11402,Oscar Kane,M,62,Gold,2022-05-06,Dubai
CUST-11403,John Washington,M,24,Silver,2025-07-24,Abu Dhabi
CUST-11404,Timothy Gibson,M,48,Bronze,2022-06-02,Sharjah
CUST-11405,Nathan Chen,F,45,Bronze,2026-02-03,Sharjah
CUST-11406,Cameron Schwartz,F,34,Silver,2020-05-16,Abu Dhabi
CUST-11407,Samuel Ellis,F,26,Bronze,2021-01-25,Sharjah
CUST-11408,Stephen Munoz,F,51,Bronze,2024-12-05,Sharjah
CUST-11409,Lisa Jackson,F,49,Silver,2026-01-21,Al Ain
CUST-11410,Angelica Vincent,M,63,Silver,2023-01-20,Dubai
CUST-11411,Leslie Hood MD,M,18,Silver,2024-07-23,Dubai
CUST-11412,Danielle Murphy,F,58,Bronze,2023-08-14,Al Ain
CUST-11413,Leslie Hernandez,M,69,Silver,2023-08-01,Sharjah
CUST-11414,William Williams,F,44,Silver,2022-12-09,Dubai
CUST-11415,Amanda Schmidt,F,53,Silver,2022-12-29,Al Ain
CUST-11416,Samantha Chavez,M,18,Bronze,2021-07-02,Sharjah
CUST-11417,Alexandria Dennis,F,34,Gold,2025-12-06,Al Ain
CUST-11418,Edward Holland,F,37,Gold,2020-07-25,Abu Dhabi
CUST-11419,Eric Warner,F,67,Silver,2025-05-10,Dubai
CUST-11420,Allison Gibson,F,39,Gold,2024-10-26,Dubai
CUST-11421,Jennifer Clarke,M,29,Gold,2022-04-24,Dubai
CUST-11422,Mark Dalton,F,61,Bronze,2020-06-10,Abu Dhabi
CUST-11423,Faith Johnson,F,69,Silver,2022-08-29,Dubai
CUST-11424,Tracy Daniels,M,48,Bronze,2024-12-17,Dubai
CUST-11425,Angela Gilmore,F,52,Bronze,2024-08-05,Muscat
CUST-11426,Tony Leonard,F,68,Platinum,2025-07-18,Al Ain
CUST-11427,Jacob Harvey,M,51,Bronze,2022-04-13,Dubai
CUST-11428,Justin Jones,F,53,Bronze,2024-06-05,Abu Dhabi
CUST-11429,William Allen,M,54,Bronze,2020-09-16,Sharjah
CUST-11430,Todd Carpenter,F,22,Silver,2025-12-27,Doha
CUST-11431,Patrick Perez,F,19,Bronze,2022-03-15,Dubai
CUST-11432,Michael Ramirez,F,58,Bronze,2020-05-24,Abu Dhabi
CUST-11433,John Rose,M,54,Silver,2020-10-06,Sharjah
CUST-11434,Meghan Patel,M,56,Silver,2021-10-28,Dubai
CUST-11435,Rebecca Dougherty,F,63,Bronze,2025-01-18,Muscat
CUST-11436,Ana Mcclain,M,35,Silver,2022-11-10,Abu Dhabi
CUST-11437,Steven Roberts,F,33,Bronze,2025-12-22,Dubai
CUST-11438,Donald Terry,F,31,Silver,2023-02-06,Abu Dhabi
CUST-11439,Kelly Burton,M,25,Gold,2021-10-30,Dubai
CUST-11440,Kimberly Anderson,M,67,Bronze,2022-03-01,Dubai
CUST-11441,Matthew Carter,M,46,Bronze,2020-05-23,Abu Dhabi
CUST-11442,Crystal Meza,F,50,Silver,2024-01-10,Dubai
CUST-11443,Grant Lucas,F,48,Bronze,2022-01-14,Sharjah
CUST-11444,Melissa Wilkinson,F,67,Gold,2022-10-12,Dubai
CUST-11445,Carlos Clarke,M,70,Gold,2021-01-26,Doha
CUST-11446,John Arellano,M,31,Bronze,2024-10-21,Sharjah
CUST-11447,Harry Bryant,F,42,Bronze,2021-01-14,Sharjah
CUST-11448,Michelle Mitchell,M,18,Bronze,2026-01-28,Dubai
CUST-11449,Melissa Estrada,M,61,Platinum,2020-12-16,Muscat
CUST-11450,Andrew Stewart,M,39,Gold,2020-10-15,Abu Dhabi
CUST-11451,Cody Hart,M,24,Bronze,2020-03-20,Abu Dhabi
CUST-11452,Gregg Watson,F,19,Bronze,2023-05-16,Abu Dhabi
CUST-11453,Eric Knapp,F,58,Silver,2022-07-11,Muscat
CUST-11454,Mr. Jimmy Flores Jr.,F,30,Bronze,2024-08-11,Dubai
CUST-11455,Erin Thornton,F,52,Bronze,2022-12-16,Dubai
CUST-11456,Tony Hooper,F,60,Gold,2023-08-01,Dubai
CUST-11457,Keith Meadows,M,28,Bronze,2022-10-05,Dubai
CUST-11458,Monique Mccullough,M,57,Silver,2020-11-14,Abu Dhabi
CUST-11459,Elizabeth Morales,M,31,Silver,2025-04-02,Abu Dhabi
CUST-11460,Brandon Brown,F,35,Silver,2024-01-02,Dubai
CUST-11461,Courtney Walls,F,54,Bronze,2021-09-25,Dubai
CUST-11462,Joshua Griffin,M,37,Silver,2024-03-11,Sharjah
CUST-11463,Jorge Lee,F,52,Silver,2021-12-25,Abu Dhabi
CUST-11464,Terri Kerr,M,19,Silver,2022-04-03,Abu Dhabi
CUST-11465,Scott Wood,M,24,Bronze,2022-04-30,Dubai
CUST-11466,Gregory Madden,M,45,Bronze,2025-06-17,Dubai
CUST-11467,Nicholas Wallace,F,57,Bronze,2026-03-14,Dubai
CUST-11468,Donna Shaffer,F,70,Bronze,2026-01-22,Dubai
CUST-11469,Steven Taylor,M,66,Bronze,2023-09-01,Al Ain
CUST-11470,Daniel Wells,M,23,Gold,2025-06-01,Al Ain
CUST-11471,Mrs. Toni Avila,F,24,Bronze,2020-07-20,Abu Dhabi
CUST-11472,Thomas Perry,F,48,Gold,2023-06-21,Dubai
CUST-11473,Nicole Taylor,M,27,Bronze,2021-02-28,Muscat
CUST-11474,Julian Williams,F,41,Bronze,2025-02-27,Dubai
CUST-11475,Elizabeth Hansen,F,68,Silver,2022-11-23,Muscat
CUST-11476,Aaron Baker,F,47,Bronze,2025-12-20,Abu Dhabi
CUST-11477,Kaitlyn Valdez,M,48,Gold,2025-07-29,Dubai
CUST-11478,John Watts,F,47,Bronze,2021-07-12,Muscat
CUST-11479,Donald Gamble,F,67,Silver,2020-06-01,Dubai
CUST-11480,Lauren Cunningham,M,50,Bronze,2025-06-03,Dubai
CUST-11481,Karen Benson,M,38,Gold,2020-09-29,Abu Dhabi
CUST-11482,Laura Bruce,M,68,Bronze,2021-01-06,Dubai
CUST-11483,Francisco Johns,F,43,Gold,2020-11-05,Abu Dhabi
CUST-11484,Dominic Barnes,M,57,Silver,2025-09-11,Dubai
CUST-11485,Dylan Moreno,M,48,Gold,2025-11-05,Dubai
CUST-11486,Pamela White,F,31,Bronze,2020-08-03,Al Ain
CUST-11487,Kimberly Brennan,F,68,Gold,2025-02-28,Doha
CUST-11488,Elizabeth Jennings,F,52,Silver,2024-04-19,Sharjah
CUST-11489,Kevin Morrow,M,60,Bronze,2020-01-30,Sharjah
CUST-11490,Jacqueline Washington,F,25,Bronze,2022-02-15,Abu Dhabi
CUST-11491,Ashley Moore,F,38,Bronze,2021-05-19,Abu Dhabi
CUST-11492,Steven Austin,F,29,Bronze,2025-03-11,Dubai
CUST-11493,Kim Arnold,F,22,Gold,2024-09-21,Abu Dhabi
CUST-11494,Joe Jones,F,38,Gold,2025-02-10,Abu Dhabi
CUST-11495,Karen Collins,M,23,Silver,2022-04-07,Dubai
CUST-11496,Stacy Harper,M,55,Gold,2024-10-07,Muscat
CUST-11497,Michael Johnson,M,66,Bronze,2025-02-01,Dubai
CUST-11498,Scott Thomas,M,46,Bronze,2021-05-31,Abu Dhabi
CUST-11499,Carlos Miller,F,57,Gold,2024-04-24,Abu Dhabi
